SNP,Chromosome,Position,P.value,MAF,nobs,effect,Phenotype_Variance_Explained(%)
SS07_402885068,14,402885068,1.25044883073344e-07,0.0615763546798029,406,-1.5478423177422,0
