SNP,Chromosome,Position,P.value,MAF,nobs,effect,Phenotype_Variance_Explained(%)
SJ02_80542653,2,80542653,9.59863821325802e-07,0.00353773584905659,424,-6.60815862832362,0
SJ03_626554531,3,626554531,8.35928214479978e-11,0.00707547169811318,424,-5.40754634757698,0
SS05_89380677,12,89380677,4.72373815008549e-07,0.0247641509433962,424,-2.9328607823426,0
SV05_543093563,19,543093563,1.1016894153467e-13,0.00353773584905659,424,-10.8937810925823,0
