SNP,Chromosome,Position,P.value,MAF,nobs,effect,Phenotype_Variance_Explained(%)
SJ01_158429406,1,158429406,3.7964284418337e-07,0.151300236406619,423,0.138304554354911,0
SJ04_94758098,4,94758098,2.38151897226473e-08,0.00472813238770686,423,-0.877112977906146,0
SS01_243368005,8,243368005,3.10204208506775e-08,0.00354609929078009,423,-1.06708086779327,0
SS02_358044988,9,358044988,8.38652035528305e-07,0.122931442080378,423,0.168809183267765,1.18963580484514e-08
SS05_39707358,12,39707358,3.09462753310448e-08,0.101654846335697,423,-0.198097089461309,9.99764969914348e-09
SS07_397077923,14,397077923,4.426183189084e-08,0.00709219858156029,423,-0.70634333780842,0.817243320158521
SV05_560816755,19,560816755,1.15931918881977e-08,0.00472813238770686,423,-0.767986510038355,0
