SNP,Chromosome,Position,P.value,MAF,nobs,effect,Phenotype_Variance_Explained(%)
SJ01_222837735,1,222837735,5.02153005647545e-07,0.0577830188679245,424,-0.0119237874382598,0
SJ02_161464914,2,161464914,5.28840884367871e-07,0.0589622641509434,424,0.011873530668943,0.947474683725339
SJ07_558194717,7,558194717,1.76856390581958e-35,0.00117924528301883,424,-0.462925107295689,0
SS01_223162383,8,223162383,2.47398385344526e-07,0.209905660377358,424,-0.00677211775776962,0
SS01_288544736,8,288544736,1.41854739265612e-06,0.415094339622642,424,-0.00576631934009209,0
SS02_103469367,9,103469367,1.13308976259862e-06,0.0742924528301887,424,0.00997185029988668,0
