SNP,Chr,Pos,P.value,MAF,effect,nobs,H&B.P.Value,Phenotype_Variance_Explained(%)
SV05_543093563,19,543093563,6.53876372076326e-07,0.00353773584905659,-1.78855585743375,424,0.0209678536233715,81.0643231270355
