SNP,Chromosome,Position,P.value,MAF,nobs,effect,Phenotype_Variance_Explained(%)
SJ02_170760275,2,170760275,6.21595616282965e-07,0.3125,424,-0.787199567390644,0
SJ03_614622642,3,614622642,1.71464629414704e-11,0.00117924528301883,424,11.7836225819919,0.453827953800948
SS02_100855672,9,100855672,1.259683494122e-06,0.00353773584905659,424,4.57634260998384,0
SS02_393839387,9,393839387,2.2635927947815e-08,0.00117924528301883,424,9.72116722035571,0
SS03_140782902,10,140782902,1.02211554264226e-06,0.265330188679245,424,-0.532584473302222,0
SS07_437775861,14,437775861,9.27366561525538e-11,0.332547169811321,424,-0.844901489486546,2.16356605896937e-08
SV01_448933298,15,448933298,8.55332413335319e-08,0.00117924528301883,424,8.52263962465486,0.603471828534072
