SNP,Chr,Pos,P.value,MAF,effect,nobs,H&B.P.Value,Phenotype_Variance_Explained(%)
SJ01_158429406,1,158429406,3.7964284418337e-07,0.151300236406619,0.138304554354911,423,0.00173914386920402,0
SJ04_94758098,4,94758098,2.38151897226473e-08,0.00472813238770686,-0.877112977906146,423,0.000248682958854669,9.79142677854038
SS01_243368005,8,243368005,3.10204208506775e-08,0.00354609929078009,-1.06708086779327,423,0.000248682958854669,24.9634635201193
SS01_322704032,8,322704032,1.71206751138521e-07,0.00591016548463352,-0.775035684387124,423,0.000915014481459824,21.5267686020944
SS02_358044988,9,358044988,8.38652035528305e-07,0.122931442080378,0.168809183267765,423,0.00336163185291077,2.82068920527322
SS05_39707358,12,39707358,3.09462753310448e-08,0.101654846335697,-0.198097089461309,423,0.000248682958854669,20.852946168688
SS07_397077923,14,397077923,4.426183189084e-08,0.00709219858156029,-0.70634333780842,423,0.000283868832648713,8.40371698765707
SV05_560816755,19,560816755,1.15931918881977e-08,0.00472813238770686,-0.767986510038355,423,0.000248682958854669,8.77430449172579
