SNP,Chr,Pos,P.value,MAF,effect,nobs,H&B.P.Value,Phenotype_Variance_Explained(%)
SJ01_222837735,1,222837735,5.02153005647545e-07,0.0577830188679245,-0.0119237874382598,424,0.00423958515975613,0.134408633920653
SJ02_161464914,2,161464914,5.28840884367871e-07,0.0589622641509434,0.011873530668943,424,0.00423958515975613,0.0786506145451714
SJ07_558194717,7,558194717,1.76856390581958e-35,0.00117924528301883,-0.462925107295689,424,5.67125387679164e-31,99.3427250838976
SS01_223162383,8,223162383,2.47398385344526e-07,0.209905660377358,-0.00677211775776962,424,0.00396666201142145,0.0333326448611939
SS01_288544736,8,288544736,1.41854739265612e-06,0.415094339622642,-0.00576631934009209,424,0.00758142654005063,0.021689228575446
SS02_103469367,9,103469367,1.13308976259862e-06,0.0742924528301887,0.00997185029988668,424,0.00726695788344997,0.0244692723724561
