SNP,Chr,Pos,P.value,MAF,effect,nobs,H&B.P.Value,Phenotype_Variance_Explained(%)
SJ02_629468571,2,629468571,3.93575739695235e-09,0.220518867924528,-3.58937328609265,424,0.000126207932448071,16.7052205512673
SJ04_42387257,4,42387257,6.76430789547936e-08,0.367924528301887,-2.44467629753913,424,0.00108455530642168,3.66067232482311
SS03_71788959,10,71788959,3.1930238964621e-07,0.270047169811321,-2.93076576894869,424,0.00296059074402254,13.9304156703027
SS05_62913669,12,62913669,1.22928054659772e-06,0.0247641509433962,-7.39636555321465,424,0.00788386785754984,22.0629846434791
SS07_308051477,14,308051477,3.69300619830048e-07,0.206367924528302,-3.32793596937905,424,0.00296059074402254,4.56663677391849
