SNP,Chr,Pos,P.value,MAF,effect,nobs,H&B.P.Value,Phenotype_Variance_Explained(%)
SS07_402885068,14,402885068,1.25044883073344e-07,0.0615763546798029,-1.5478423177422,406,0.00400981426551293,50.9265632148615
