SNP,Chr,Pos,P.value,MAF,effect,nobs,H&B.P.Value,Phenotype_Variance_Explained(%)
SJ02_80542653,2,80542653,9.59863821325802e-07,0.00353773584905659,-6.60815862832362,424,0.00769498828961363,13.8412822511117
SJ03_626554531,3,626554531,8.35928214479978e-11,0.00707547169811318,-5.40754634757698,424,1.34028550268647e-06,39.8380622771144
SS05_89380677,12,89380677,4.72373815008549e-07,0.0247641509433962,-2.9328607823426,424,0.00504920370862638,2.99930167837939
SV05_543093563,19,543093563,1.1016894153467e-13,0.00353773584905659,-10.8937810925823,424,3.53278744819225e-09,36.2698615333305
