SNP,Chr,Pos,P.value,MAF,effect,nobs,H&B.P.Value,Phenotype_Variance_Explained(%)
SJ02_170760275,2,170760275,6.21595616282965e-07,0.3125,-0.787199567390644,424,0.00398654132546917,0.206476566026294
SJ03_614622642,3,614622642,1.71464629414704e-11,0.00117924528301883,11.7836225819919,424,5.49835627144131e-07,32.3032710059441
SS02_100855672,9,100855672,1.259683494122e-06,0.00353773584905659,4.57634260998384,424,0.00577061008657288,6.84898792435777
SS02_393839387,9,393839387,2.2635927947815e-08,0.00117924528301883,9.72116722035571,424,0.000241955433834195,37.9317177839991
SS03_140782902,10,140782902,1.02211554264226e-06,0.265330188679245,-0.532584473302222,424,0.00546269651765153,0.520593404733109
SS07_437775861,14,437775861,9.27366561525538e-11,0.332547169811321,-0.844901489486546,424,1.48689317642197e-06,0.452593825589834
SV01_448933298,15,448933298,8.55332413335319e-08,0.00117924528301883,8.52263962465486,424,0.000685698612460592,19.4604164005691
