SNP,Chromosome,Position,P.value,MAF,nobs,effect,Phenotype_Variance_Explained(%)
SS05_501885161,12,501885161,1.95504364903074e-07,0.0453172205438066,331,1.91866137286297,0
SV01_8751581,15,8751581,7.89685549542484e-16,0.00151057401812693,331,33.5075455820624,6.18753382743571e-17
SV02_80918909,16,80918909,1.09372283411239e-09,0.0453172205438066,331,2.17929816499429,1.93598644182495
