SNP,Chr,Pos,P.value,MAF,effect,nobs,H&B.P.Value,Phenotype_Variance_Explained(%)
SJ03_497263053,3,497263053,6.17812646642619e-09,0.00766871165644167,-11.267050699438,326,3.96227962797777e-05,1.79690665521905
SJ04_511030438,4,511030438,1.85690661953352e-08,0.0260736196319018,-5.34404822344784,326,9.92423742809692e-05,1.13979064760276
SS03_24005972,10,24005972,6.0333207051033e-19,0.00153374233128833,-59.1954652436079,326,1.93470495050548e-14,42.9294241161426
SS04_79130992,11,79130992,4.52696229032788e-11,0.00306748466257667,-21.6233077923441,326,4.83886999213147e-07,4.56602592534549
SS05_134093949,12,134093949,1.45767411686588e-10,0.00306748466257667,-21.49562057843,326,1.16858089763845e-06,4.55727890457218
SS07_39851932,14,39851932,3.33653068872099e-07,0.0322085889570553,-5.23051244866421,326,0.0013374066199402,0.194930074895366
SV05_523243129,19,523243129,8.7863690876783e-15,0.00153374233128833,-49.8005548962637,326,1.4087624876729e-10,41.6853024364354
SV06_385396770,20,385396770,2.36054556711918e-07,0.24079754601227,-1.91647294120162,326,0.00108136592429729,0.023157720522827
SV07_722317269,21,722317269,6.05466085044026e-07,0.00306748466257667,-15.7238599127797,326,0.00215727566101186,2.56126660339224
