SNP,Chr,Pos,P.value,MAF,effect,nobs,H&B.P.Value,Phenotype_Variance_Explained(%)
SS05_501885161,12,501885161,1.95504364903074e-07,0.0453172205438066,1.91866137286297,331,0.00208974615644895,0.353115191380761
SV01_8751581,15,8751581,7.89685549542484e-16,0.00151057401812693,33.5075455820624,331,2.53228465171788e-11,98.4543297327326
SV02_80918909,16,80918909,1.09372283411239e-09,0.0453172205438066,2.17929816499429,331,1.7536205060741e-05,0.397712811993304
