SNP,Chromosome,Position,P.value,MAF,nobs,effect,Phenotype_Variance_Explained(%)
SJ03_497263053,3,497263053,6.17812646642619e-09,0.00766871165644167,326,-11.267050699438,0
SJ04_511030438,4,511030438,1.85690661953352e-08,0.0260736196319018,326,-5.34404822344784,1.24152514579221
SS03_24005972,10,24005972,6.0333207051033e-19,0.00153374233128833,326,-59.1954652436079,3.38717616035276
SS04_79130992,11,79130992,4.52696229032788e-11,0.00306748466257667,326,-21.6233077923441,1.69308256078582e-07
SS05_134093949,12,134093949,1.45767411686588e-10,0.00306748466257667,326,-21.49562057843,0
SS07_39851932,14,39851932,3.33653068872099e-07,0.0322085889570553,326,-5.23051244866421,2.8232613205941e-07
SV05_523243129,19,523243129,8.7863690876783e-15,0.00153374233128833,326,-49.8005548962637,0
SV06_385396770,20,385396770,2.36054556711918e-07,0.24079754601227,326,-1.91647294120162,0
SV07_722317269,21,722317269,6.05466085044026e-07,0.00306748466257667,326,-15.7238599127797,0
