SNP,Chr,Pos,P.value,MAF,effect,nobs,H&B.P.Value,Phenotype_Variance_Explained(%)
SJ07_676779696,7,676779696,3.12265313864036e-08,0.00153374233128833,-52.3528922495261,326,0.000333780393989269,61.0994891819362
SS01_373032805,8,373032805,9.85613020601015e-11,0.0138036809815951,-16.0782874261104,326,3.16056527316127e-06,7.59432772228872
SS03_457292509,10,457292509,3.60918437930361e-07,0.368098159509202,3.02581637661292,326,0.00231471430982258,0.575631719436124
SS07_67144799,14,67144799,2.53922117944056e-10,0.0260736196319018,-10.2595848761679,326,4.07126027805602e-06,14.426664589637
SV07_77346874,21,77346874,1.71499646116316e-07,0.0107361963190185,-18.9456280127612,326,0.00137486978800298,10.5295642333352
