SNP,Chromosome,Position,P.value,MAF,nobs,effect,Phenotype_Variance_Explained(%)
SJ07_676779696,7,676779696,3.12265313864036e-08,0.00153374233128833,326,-52.3528922495261,0
SS01_373032805,8,373032805,9.85613020601015e-11,0.0138036809815951,326,-16.0782874261104,0.549910250958153
SS03_457292509,10,457292509,3.60918437930361e-07,0.368098159509202,326,3.02581637661292,0
SS07_67144799,14,67144799,2.53922117944056e-10,0.0260736196319018,326,-10.2595848761679,0
SV07_77346874,21,77346874,1.71499646116316e-07,0.0107361963190185,326,-18.9456280127612,0
