SNP,Chromosome,Position,P.value,MAF,nobs,effect,Phenotype_Variance_Explained(%)
SJ07_110440439,7,110440439,9.23534116430946e-07,0.195180722891566,415,-0.00371254377774782,0.00289338319664214
SJ07_441485323,7,441485323,3.18622206532112e-15,0.00240963855421683,415,-0.0588856443396804,5.19046600869139
SS01_69927979,8,69927979,4.77021638253521e-07,0.00481927710843377,415,-0.023861532673227,12.9335996588048
SS06_24099466,13,24099466,2.06987319258984e-07,0.0301204819277109,415,-0.0105981861375921,0.0717322577490298
SS07_133393354,14,133393354,1.43329207065333e-06,0.0795180722891566,415,-0.00567460148713264,12.3885846130887
SV01_206124266,15,206124266,9.20170791276739e-07,0.0325301204819277,415,-0.00866622242669429,0.000673920282995477
SV06_102610885,20,102610885,2.15269249931252e-08,0.0036144578313253,415,-0.0355235175374049,8.30999934109041e-08
