SNP,Chromosome,Position,P.value,MAF,nobs,effect,Phenotype_Variance_Explained(%)
SJ05_43784785,5,43784785,1.35847861340969e-09,0.00714285714285712,350,-7.64636180283145,0
SS04_70589221,11,70589221,7.43234348795253e-08,0.288571428571429,350,1.18455217326337,0
SV02_394911464,16,394911464,6.72625156931436e-08,0.06,350,-2.34522552601848,0
SV02_590255485,16,590255485,9.76635206883979e-07,0.00285714285714289,350,-9.11189861222442,0
