SNP,Chr,Pos,P.value,MAF,effect,nobs,H&B.P.Value,Phenotype_Variance_Explained(%)
SJ07_110440439,7,110440439,9.23534116430946e-07,0.195180722891566,-0.00371254377774782,415,0.00493582808526519,0.0947047988796661
SJ07_441485323,7,441485323,3.18622206532112e-15,0.00240963855421683,-0.0588856443396804,415,1.02172582968652e-10,54.1707031389105
SS01_69927979,8,69927979,4.77021638253521e-07,0.00481927710843377,-0.023861532673227,415,0.00382416321846892,6.37647680899781
SS06_24099466,13,24099466,2.06987319258984e-07,0.0301204819277109,-0.0105981861375921,415,0.00221248745555928,1.76081164278721
SS07_133393354,14,133393354,1.43329207065333e-06,0.0795180722891566,-0.00567460148713264,415,0.0065659109756629,0.932559516416812
SV01_206124266,15,206124266,9.20170791276739e-07,0.0325301204819277,-0.00866622242669429,415,0.00493582808526519,3.07772136568716
SV06_102610885,20,102610885,2.15269249931252e-08,0.0036144578313253,-0.0355235175374049,415,0.000345151951877272,29.2015569776111
