SNP,Chr,Pos,P.value,MAF,effect,nobs,H&B.P.Value,Phenotype_Variance_Explained(%)
SJ07_60561704,7,60561704,8.22423829170307e-07,0.443127962085308,3.65739331478449,422,0.00879088831000142,13.1076955270849
SS07_129127730,14,129127730,2.71117008596275e-08,0.414691943127962,3.6092111044,422,0.000869390911465675,7.69152785070346
SV04_405883624,18,405883624,5.97290296441234e-08,0.0130331753554502,11.5243557077019,422,0.000957665396799052,29.14467762255
