SNP,Chromosome,Position,P.value,MAF,nobs,effect,Phenotype_Variance_Explained(%)
SJ02_627219003,2,627219003,1.17867596661602e-08,0.00477326968973746,419,-0.466020148958315,82.6302280623167
SJ05_468911509,5,468911509,1.43968653284414e-07,0.081145584725537,419,-0.123244878992089,0
SJ06_546958441,6,546958441,5.43556953546623e-08,0.275656324582339,419,-0.0846513905459055,9.20089189569857e-07
SJ06_547551925,6,547551925,1.71481502481166e-09,0.205250596658711,419,-0.0848333744296661,0.137881580440536
SS04_75793122,11,75793122,9.86852813214994e-08,0.144391408114558,419,-0.0921240107012073,0.108806686548686
SS07_384868013,14,384868013,1.31173697515878e-08,0.0405727923627685,419,-0.165950679854439,0.556332083338152
