SNP,Chromosome,Position,P.value,MAF,nobs,effect,Phenotype_Variance_Explained(%)
SJ02_680787718,2,680787718,7.05627434727473e-08,0.0766509433962265,424,4.68580605161924,0
SJ04_4086382,4,4086382,1.17722485842532e-08,0.14622641509434,424,3.36447996620467,1.34817794945525
