SNP,Chromosome,Position,P.value,MAF,nobs,effect,Phenotype_Variance_Explained(%)
SJ01_320309248,1,320309248,2.09438998597434e-08,0.375661375661376,378,0.139589843931455,2.16125687909282e-07
SJ02_140707817,2,140707817,9.79325146682058e-08,0.00132275132275128,378,-2.32279007999067,4.72901920638809e-08
SJ03_533092483,3,533092483,1.34457584326636e-13,0.00132275132275128,378,-3.66351762411193,0
SS02_476215400,9,476215400,3.16452944900916e-08,0.0132275132275133,378,-0.840027248762212,0
SS05_332031903,12,332031903,2.556626673215e-10,0.0198412698412699,378,-0.662564361735361,4.38130809034432e-07
SS06_83112789,13,83112789,1.97825706388623e-07,0.00264550264550267,378,-1.55595140598172,0.743746610247061
SV03_478717202,17,478717202,9.39950610383859e-09,0.0119047619047619,378,-0.763552874207285,1.95323285324458e-06
SV07_664789157,21,664789157,9.24615812051142e-07,0.0092592592592593,378,-0.750200157098103,2.84050147575554e-07
