SNP,Chromosome,Position,P.value,MAF,nobs,effect,Phenotype_Variance_Explained(%)
SJ07_60561704,7,60561704,8.22423829170307e-07,0.443127962085308,422,3.65739331478449,4.49886409901453
SS07_129127730,14,129127730,2.71117008596275e-08,0.414691943127962,422,3.6092111044,0
SV04_405883624,18,405883624,5.97290296441234e-08,0.0130331753554502,422,11.5243557077019,2.76095316536566e-08
