SNP,Chr,Pos,P.value,MAF,effect,nobs,H&B.P.Value,Phenotype_Variance_Explained(%)
SJ02_627219003,2,627219003,1.17867596661602e-08,0.00477326968973746,-0.466020148958315,419,0.000140211565274722,59.5328502023307
SJ05_468911509,5,468911509,1.43968653284414e-07,0.081145584725537,-0.123244878992089,419,0.000769440467478549,1.39394322840546
SJ06_546958441,6,546958441,5.43556953546623e-08,0.275656324582339,-0.0846513905459055,419,0.000435756020734489,5.05390278709581
SJ06_547551925,6,547551925,1.71481502481166e-09,0.205250596658711,-0.0848333744296661,419,5.49889734006355e-05,4.52885536658489
SS04_75793122,11,75793122,9.86852813214994e-08,0.144391408114558,-0.0921240107012073,419,0.000632908183227304,3.31848629980626
SS07_384868013,14,384868013,1.31173697515878e-08,0.0405727923627685,-0.165950679854439,419,0.000140211565274722,3.61946481333785
