SNP,Chr,Pos,P.value,MAF,effect,nobs,H&B.P.Value,Phenotype_Variance_Explained(%)
SJ02_680787718,2,680787718,7.05627434727473e-08,0.0766509433962265,4.68580605161924,424,0.00113136774747029,7.38784283668941
SJ04_4086382,4,4086382,1.17722485842532e-08,0.14622641509434,3.36447996620467,424,0.000377500695351247,19.3237019217733
