SNP,Chr,Pos,P.value,MAF,effect,nobs,H&B.P.Value,Phenotype_Variance_Explained(%)
SJ05_43784785,5,43784785,1.35847861340969e-09,0.00714285714285712,-7.64636180283145,350,4.35623336962086e-05,36.2180928415384
SS04_70589221,11,70589221,7.43234348795253e-08,0.288571428571429,1.18455217326337,350,0.000794443195427246,0.950169625127869
SV02_394911464,16,394911464,6.72625156931436e-08,0.06,-2.34522552601848,350,0.000794443195427246,12.6223742011872
SV02_590255485,16,590255485,9.76635206883979e-07,0.00285714285714289,-9.11189861222442,350,0.00782944029478714,39.3480958817126
