SNP,Chr,Pos,P.value,MAF,effect,nobs,H&B.P.Value,Phenotype_Variance_Explained(%)
SJ01_320309248,1,320309248,2.09438998597434e-08,0.375661375661376,0.139589843931455,378,0.000167902009200598,0.105098727956191
SJ02_140707817,2,140707817,9.79325146682058e-08,0.00132275132275128,-2.32279007999067,378,0.000523400324644226,16.2298194714537
SJ03_533092483,3,533092483,1.34457584326636e-13,0.00132275132275128,-3.66351762411193,378,4.31165135660225e-09,54.059200922176
SS02_476215400,9,476215400,3.16452944900916e-08,0.0132275132275133,-0.840027248762212,378,0.000202953931682754,2.63807130466904
SS05_332031903,12,332031903,2.556626673215e-10,0.0198412698412699,-0.662564361735361,378,4.09916737649927e-06,1.01095219873279
SS06_83112789,13,83112789,1.97825706388623e-07,0.00264550264550267,-1.55595140598172,378,0.00090623956096628,9.66423115024516
SV03_478717202,17,478717202,9.39950610383859e-09,0.0119047619047619,-0.763552874207285,378,0.000100471320743931,13.7107474961666
SV07_664789157,21,664789157,9.24615812051142e-07,0.0092592592592593,-0.750200157098103,378,0.0037062069056305,1.27521308006981
