SNP,Chromosome,Position,P.value,MAF,nobs,effect,Phenotype_Variance_Explained(%)
SJ02_530678956,2,530678956,1.06495360168868e-07,0.0517241379310345,319,-1.85460369846527,0
SJ02_594684575,2,594684575,1.17492917559336e-09,0.00156739811912221,319,-13.7823359485824,2.38993559186722
SJ07_16833484,7,16833484,3.84813617138996e-10,0.00156739811912221,319,-17.2298152449875,0
SJ07_421470788,7,421470788,7.16416179810016e-08,0.0219435736677116,319,-2.89082675760221,6.74592493174825
SJ07_491374653,7,491374653,2.87126409569888e-07,0.434169278996865,319,1.12315583083025,0
SJ07_495046207,7,495046207,2.58214425065934e-08,0.0799373040752351,319,-2.00850296843743,3.46295035761636
SS07_301996644,14,301996644,2.09606200121101e-13,0.00156739811912221,319,-17.1427767078353,1.08935266877529
SV02_452759354,16,452759354,8.60279979486605e-07,0.405956112852665,319,-0.809788258616027,0.0912167908101737
SV03_26394652,17,26394652,3.06032886592892e-07,0.00156739811912221,319,-11.0260498052528,8.41992513334391
SV03_49596960,17,49596960,3.205342383412e-10,0.00313479623824453,319,-10.2048414032599,9.48201505041741e-09
SV07_505205092,21,505205092,1.77213544521134e-09,0.012539184952978,319,-4.70100158931763,0
