SNP,Chr,Pos,P.value,MAF,effect,nobs,H&B.P.Value,Phenotype_Variance_Explained(%)
SJ07_538240241,7,538240241,2.57788196268319e-07,0.364649681528662,6.54284688875316,314,0.00275549802991207,23.7010440949813
SS02_167194150,9,167194150,4.61385965527135e-08,0.205414012738854,4.32646110387088,314,0.00147952637565586,6.90453878829471
SS06_243762540,13,243762540,2.40461941376356e-07,0.192675159235669,-5.6533856753551,314,0.00275549802991207,8.41782235862422
