SNP,Chromosome,Position,P.value,MAF,nobs,effect,Phenotype_Variance_Explained(%)
SJ07_538240241,7,538240241,2.57788196268319e-07,0.364649681528662,314,6.54284688875316,0.521665969322137
SS02_167194150,9,167194150,4.61385965527135e-08,0.205414012738854,314,4.32646110387088,1.55557813283423
