SNP,Chr,Pos,P.value,MAF,effect,nobs,H&B.P.Value,Phenotype_Variance_Explained(%)
SJ03_53540326,3,53540326,6.42908043518302e-08,0.00980392156862742,15.369248345316,306,0.00015722695105029,0
SJ03_74519901,3,74519901,2.07319028031545e-08,0.011437908496732,-0.952965318553851,306,7.38677696876396e-05,1.05236803507528
SJ03_86552629,3,86552629,6.86430696574069e-08,0.011437908496732,7.67622387913582,306,0.00015722695105029,0.70060223186545
SJ05_132350274,5,132350274,1.65913875296118e-15,0.0212418300653595,-1.71448384487631,306,1.33009005978015e-11,2.91721330721357
SJ05_136045713,5,136045713,1.35068514228429e-12,0.0179738562091504,11.1118489763487,306,7.21873674293838e-09,0
SJ05_372257862,5,372257862,1.81324484850205e-12,0.00326797385620914,-4.94552483232391,306,8.3064746509879e-09,5.2146078092636
SJ07_137924226,7,137924226,1.03191967355838e-07,0.00653594771241828,-3.61107125846592,306,0.00022060378781331,0.517839274983957
SS03_373045769,10,373045769,7.50955043104886e-38,0.00163398692810457,-19.8380906240515,306,2.40808753672444e-33,22.4394606569717
SS05_310863315,12,310863315,1.26002500138635e-12,0.00326797385620914,-4.9770882873389,306,7.21873674293838e-09,5.35342063087556
SS06_272394531,13,272394531,6.42908067995739e-08,0.00816993464052285,15.369248307384,306,0.00015722695105029,0
SS06_273159799,13,273159799,8.18218912286111e-09,0.00980392156862742,-1.39550841006638,306,3.27972823253484e-05,0
SS06_273449073,13,273449073,6.42908144598853e-08,0.00653594771241828,7.6846240947192,306,0.00015722695105029,0
SS07_352707146,14,352707146,6.61261409663732e-08,0.00653594771241828,-2.68947027096723,306,0.00015722695105029,1.05400481752571
SV01_171715235,15,171715235,7.12192622928321e-32,0.00163398692810457,-19.3846863942618,306,1.14189404197212e-27,21.9742259049726
SV04_112867423,18,112867423,1.53050577400165e-27,0.00163398692810457,-22.3966409308944,306,1.63595762183037e-23,38.3209942560733
SV07_13367865,21,13367865,1.80436010561323e-07,0.0147058823529411,-2.16117554081994,306,0.000361627596916872,0.199185732697691
SV07_30709054,21,30709054,9.79139270897421e-07,0.0882352941176471,-0.778048112003451,306,0.00184694464705103,0.0647663571773467
