SNP,Chr,Pos,P.value,MAF,effect,nobs,H&B.P.Value,Phenotype_Variance_Explained(%)
SV01_442280490,15,442280490,1.6286925870597e-08,0.161392405063291,2.07184126022742,316,0.000522272851892434,11.7915405854957
