SNP,Chr,Pos,P.value,MAF,effect,nobs,H&B.P.Value,Phenotype_Variance_Explained(%)
SJ01_54110313,1,54110313,1.10081913113177e-06,0.0460704607046071,6.6360808315228,369,0.00705999341560051,1.91695274967421
SJ07_38100803,7,38100803,3.99981059055822e-07,0.265582655826558,-3.89194824827734,369,0.0036420525566784,1.69158895462028
SS02_443036385,9,443036385,4.85571964763768e-09,0.295392953929539,-4.07777398347366,369,7.78541809703988e-05,6.2762009844942
SS06_325276373,13,325276373,4.54305367721134e-07,0.237127371273713,-3.56156305048223,369,0.0036420525566784,3.65096688161163
SV03_334163944,17,334163944,6.4508814402995e-10,0.0487804878048781,9.69950085263895,369,2.06860415146084e-05,25.7711045346233
