SNP,Chromosome,Position,P.value,MAF,nobs,effect,Phenotype_Variance_Explained(%)
SJ01_535344826,1,535344826,3.21741566122054e-07,0.140540540540541,370,-0.867235748801647,1.1435745295146
SJ04_443970274,4,443970274,7.47897870375915e-07,0.116216216216216,370,1.01178382024351,0.492571863639031
SJ06_182383764,6,182383764,1.56935745606634e-07,0.212162162162162,370,0.743256451019079,1.04414196702129
SJ06_233909510,6,233909510,2.24756275798588e-08,0.231081081081081,370,0.743464557306481,4.84195786644746e-08
SS02_60814509,9,60814509,1.20698916054942e-12,0.363513513513513,370,0.930319662538142,36.3357405446043
SS07_431676369,14,431676369,1.43724956134622e-06,0.218918918918919,370,0.705014752335728,8.4385029167917e-08
SV03_342354337,17,342354337,5.09212837243317e-09,0.252702702702703,370,-1.02933073736636,0.507682535269154
