SNP,Chromosome,Position,P.value,MAF,nobs,effect,Phenotype_Variance_Explained(%)
SJ01_438678296,1,438678296,2.77392760384953e-12,0.00540540540540535,370,-0.289282319617667,1.87302602302266e-06
SJ03_35771049,3,35771049,5.48301237864623e-30,0.0135135135135135,370,-0.347633402310031,6.15529744104417e-08
SJ06_341989312,6,341989312,2.32945964259192e-09,0.0067567567567568,370,-0.221765436753772,31.8014609031551
SJ07_5992523,7,5992523,2.31416005700169e-28,0.00135135135135134,370,-0.978413997451423,0.0646089234192497
SJ07_667035453,7,667035453,2.33343250400178e-156,0.00135135135135134,370,-4.77704341810762,0
SS02_337893034,9,337893034,8.374832621905e-44,0.00135135135135134,370,-2.01608870443166,8.08176268444467e-09
SS06_146499812,13,146499812,1.80506021545816e-28,0.00135135135135134,370,-0.997684213762618,5.56868316086541e-09
SS07_414474582,14,414474582,1.91280248625835e-24,0.0121621621621621,370,-0.209075808174139,1.21204750289894e-08
SS07_414489769,14,414489769,1.0200342447264e-19,0.0121621621621621,370,0.648054673910831,1.13501699887704
SS07_416230590,14,416230590,2.16606452754349e-15,0.0135135135135135,370,0.481966149508399,1.42530014223144
SS07_428669333,14,428669333,2.13718013463515e-07,0.0162162162162162,370,0.315505807317532,13.975828135821
SV01_25473197,15,25473197,8.38841582448471e-08,0.0067567567567568,370,0.317748687160305,0.0391029093047022
SV01_37474372,15,37474372,2.00566106316695e-19,0.0202702702702703,370,0.297191661374191,9.82424631897428e-08
SV03_294791114,17,294791114,1.13488098861944e-133,0.00135135135135134,370,-3.03151555671161,0
SV03_403974348,17,403974348,1.0484715404158e-09,0.0202702702702703,370,-0.0902260675977018,6.31496529504717e-06
SV06_66877427,20,66877427,6.50678479549012e-19,0.00810810810810814,370,-0.245538973730229,0
