SNP,Chr,Pos,P.value,MAF,effect,nobs,H&B.P.Value,Phenotype_Variance_Explained(%)
SJ01_535344826,1,535344826,3.21741566122054e-07,0.140540540540541,-0.867235748801647,370,0.00206345736016718,1.60642004786757
SJ04_443970274,4,443970274,7.47897870375915e-07,0.116216216216216,1.01178382024351,370,0.00399714016822408,15.3108371471704
SJ06_182383764,6,182383764,1.56935745606634e-07,0.212162162162162,0.743256451019079,370,0.00125811463859199,4.91125529088939
SJ06_233909510,6,233909510,2.24756275798588e-08,0.231081081081081,0.743464557306481,370,0.00024024198320111,9.00496399123887
SS02_60814509,9,60814509,1.20698916054942e-12,0.363513513513513,0.930319662538142,370,3.87045214113382e-08,6.73283565495014
SS07_431676369,14,431676369,1.43724956134622e-06,0.218918918918919,0.705014752335728,370,0.00658404024052704,3.81853877397272
SV03_342354337,17,342354337,5.09212837243317e-09,0.252702702702703,-1.02933073736636,370,8.16446402594072e-05,5.39034989931862
