SNP,Chr,Pos,P.value,MAF,effect,nobs,H&B.P.Value,Phenotype_Variance_Explained(%)
SJ05_317782015,5,317782015,7.19297019311516e-07,0.291891891891892,0.103203959127093,370,0.0230656975182624,2.3159618817978
