SNP,Chr,Pos,P.value,MAF,effect,nobs,H&B.P.Value,Phenotype_Variance_Explained(%)
SJ03_84673435,3,84673435,5.27639396985606e-09,0.00134770889487867,-21.1126802931958,371,5.63993751437914e-05,36.6732421392501
SJ04_507780718,4,507780718,9.66008616995549e-08,0.00673854447439348,-7.57180205254008,371,0.000619539966423925,2.62622768966701
SJ05_478511163,5,478511163,7.53671339926861e-08,0.00134770889487867,-17.5528456275216,371,0.000604199471435867,17.1672686424858
SJ06_541253677,6,541253677,1.05031078680355e-06,0.00134770889487867,-15.8703387010686,371,0.00561338600007159,19.1306708445959
SV04_397784395,18,397784395,1.71210531650031e-09,0.0673854447439353,-3.06359859668853,371,2.74510405921077e-05,1.36057612746568
SV07_222819554,21,222819554,5.82632423251679e-13,0.0619946091644205,-4.02567170223401,371,1.86832739164116e-08,20.887277371432
