SNP,Chromosome,Position,P.value,MAF,nobs,effect,Phenotype_Variance_Explained(%)
SJ05_317782015,5,317782015,7.19297019311516e-07,0.291891891891892,370,0.103203959127093,7.54280549276033
