SNP,Chromosome,Position,P.value,MAF,nobs,effect,Phenotype_Variance_Explained(%)
SJ03_84673435,3,84673435,5.27639396985606e-09,0.00134770889487867,371,-21.1126802931958,0
SJ04_507780718,4,507780718,9.66008616995549e-08,0.00673854447439348,371,-7.57180205254008,0
SJ05_478511163,5,478511163,7.53671339926861e-08,0.00134770889487867,371,-17.5528456275216,0
SJ06_541253677,6,541253677,1.05031078680355e-06,0.00134770889487867,371,-15.8703387010686,0
SV04_397784395,18,397784395,1.71210531650031e-09,0.0673854447439353,371,-3.06359859668853,4.80196399337981
SV07_222819554,21,222819554,5.82632423251679e-13,0.0619946091644205,371,-4.02567170223401,0.122663603957535
