SNP,Chromosome,Position,P.value,MAF,nobs,effect,Phenotype_Variance_Explained(%)
SJ01_54110313,1,54110313,1.10081913113177e-06,0.0460704607046071,369,6.6360808315228,0
SJ07_38100803,7,38100803,3.99981059055822e-07,0.265582655826558,369,-3.89194824827734,0
SS02_443036385,9,443036385,4.85571964763768e-09,0.295392953929539,369,-4.07777398347366,0
SS06_325276373,13,325276373,4.54305367721134e-07,0.237127371273713,369,-3.56156305048223,0
SV03_334163944,17,334163944,6.4508814402995e-10,0.0487804878048781,369,9.69950085263895,0
