SNP,Chr,Pos,alleles,Ref,ALT,MinorAllele,trait,plot,P.value,MAF,nobs,Effect,H.B.P.Value,PVE,GG,AG,AA,CG,CC,TT,GT,CT,AT,AC,genotypic_frequency.CT,genotypic_frequency.CC,genotypic_frequency.TT,genotypic_frequency.AT,genotypic_frequency.AA,genotypic_frequency.AG,genotypic_frequency.GG,genotypic_frequency.CG,genotypic_frequency.AC,genotypic_frequency.GT,allelic_frequency.A,allelic_frequency.T,allelic_frequency.G,allelic_frequency.C,PhentypicMeanMinorHomozygous,PhentypicMeanHeterozygous,PhentypicMeanMajorHomozygous,T.inter_Genes,T.inter_Description,NCBI_Description,NCBI_Species,Query,Per.Ident,Function,Reference
SJ05_389593959,J05,389593959,A/C,A,C,C,BLSSEV,C10_OLA_2022,6.35972956722532e-07,0.14495114,307,-4.928636504,0.006797915,0,0,0,285,0,7,0,0,0,0,72,0,0.019230769,0,0,0.782967033,0,0,0,0.197802198,0,0.881868132,0,0,0.118131868,15,14.71428571,14.23628692,,,,,,,,
SS04_283559355,S04,283559355,C/T,C,T,T,BLSSEV,C10_OLA_2022,3.40793991865999e-11,0.008143322,307,-22.12886897,1.0928240937167e-06,NA,0,0,0,0,207,27,0,130,0,0,0.357142857,0.568681319,0.074175824,0,0,0,0,0,0,0,0,0.252747253,0,0.747252747,8.043478261,15.68181818,14.34482759,,,,,,,,
SV06_142550878,V06,142550878,G/A,G,A,A,BLSSEV,C10_OLA_2022,1.27947170590548e-08,0.472312704,307,9.050007585,0.000205144,0,338,23,3,0,0,0,0,0,0,0,0,0,0,0,0.008241758,0.063186813,0.928571429,0,0,0,0.039835165,0,0.960164835,0,3.5,16.15,14.30175439,,,,,,,,
SJ07_676779696,J07,676779696,A/T,A,T,T,BLSSEV,C10_SAL_2022,3.12265313864036e-08,0.001533742,326,-52.35289225,0.00033378,0,0,0,335,0,0,0,0,0,22,0,0,0,0,0.06162465,0.93837535,0,0,0,0,0,0.969187675,0.030812325,0,0,NA,8.75,11.51633987,,,,,,,,
SS01_373032805,S01,373032805,G/A,G,A,A,BLSSEV,C10_SAL_2022,9.85613020601015e-11,0.013803681,326,-16.07828743,3.16056527316127e-06,0.549910251,168,148,41,0,0,0,0,0,0,0,0,0,0,0,0.114845938,0.414565826,0.470588235,0,0,0,0.322128852,0,0.677871148,0,11,11.54014599,11.26174497,,,,,,,,
SS03_457292509,S03,457292509,C/T,C,T,T,BLSSEV,C10_SAL_2022,3.60918437930361e-07,0.36809816,326,3.025816377,0.002314714,0,0,0,0,0,149,0,0,208,0,0,0.582633053,0.417366947,0,0,0,0,0,0,0,0,0,0.291316527,0,0.708683473,NA,11.91534392,10.5620438,Thintv31211533m.g,"linoleate 9S-lipoxygenase, oxidation-reduction process",No Significant Hits,,,,"defense responses against biotic stress, i.e., insects, pests, pathogenic attacks, and abiotic stress, such as wounding, UV-rays, extreme temperature, oxidative stress, and drought","Singh P, Arif Y, Miszczuk E, Bajguz A, Hayat S. Specific Roles of Lipoxygenases in Development and Responses to Stress in Plants. Plants (Basel). 2022 Apr 4;11(7):979. doi: 10.3390/plants11070979. PMID: 35406959; PMCID: PMC9002551."
SS07_67144799,S07,67144799,G/T,T,G,T,BLSSEV,C10_SAL_2022,2.53922117944056e-10,0.02607362,326,-10.25958488,4.07126027805602e-06,0,334,0,0,0,0,3,20,0,0,0,0,0,0.008403361,0,0,0,0.93557423,0,0,0.056022409,0,0.036414566,0.963585434,0,3.5,10.88888889,11.4248366,Thintv31268736m.g,Pectate lyase,Uncharacterized,T.aestivum,51%,95.19%,PLs are an important part of a cocktail of enzymes controlling cell wall remodelling in a wide range of plant developmental processes.,"Selman Uluisik, Graham B. Seymour, Pectate lyases: Their role in plants and importance in fruit ripening, Food Chemistry, Volume 309, 2020, 125559, ISSN 0308-8146, https://doi.org/10.1016/j.foodchem.2019.125559. (https://www.sciencedirect.com/science/article/pii/S0308814619316838)"
SV07_77346874,V07,77346874,G/A,G,A,A,BLSSEV,C10_SAL_2022,1.71499646116316e-07,0.010736196,326,-18.94562801,0.00137487,0,233,122,2,0,0,0,0,0,0,0,0,0,0,0,0.005602241,0.341736695,0.652661064,0,0,0,0.176470588,0,0.823529412,0,12.5,12.74774775,10.6056338,No Proximal Genes,,eukaryotic initiation factor 6-2-like,T.aestivum,96%,94.33%,"necessary for tissue-specific growth and oncogene-driven transformation, and could be a new rate-limiting step for the initiation of translation","Miluzio A, Beugnet A, Volta V, Biffo S. Eukaryotic initiation factor 6 mediates a continuum between 60S ribosome biogenesis and translation. EMBO Rep. 2009 May;10(5):459-65. doi: 10.1038/embor.2009.70. Epub 2009 Apr 17. PMID: 19373251; PMCID: PMC2680881."
SV05_543093563,V05,543093563,C/T,C,T,T,FHBD3G,C07_SAL_2019,6.53876372076326e-07,0.003537736,424,-1.788555857,0.020967854,0,0,0,0,0,362,7,0,60,0,0,0.13986014,0.843822844,0.016317016,0,0,0,0,0,0,0,0,0.086247086,0,0.913752914,0.428571429,0.418644068,0.508938547,Thintv31372216m.g,UnIdentified,protein Late Flowering,T.aestivum,100%,94.03%,,
SJ05_43784785,J05,43784785,A/G,G,A,A,FHBD3G.DON,C07_SAL_2018,1.35847861340969e-09,0.007142857,350,-7.646361803,4.35623336962086e-05,0,164,193,72,0,0,0,0,0,0,0,0,0,0,0,0.167832168,0.44988345,0.382284382,0,0,0,0.392773893,0,0.607226107,0,2.245454545,3.405696203,2.155,,,,,,,,
SS04_70589221,S04,70589221,A/G,G,A,G,FHBD3G.DON,C07_SAL_2018,7.43234348795253e-08,0.288571429,350,1.184552173,0.000794443,0,74,179,176,0,0,0,0,0,0,0,0,0,0,0,0.41025641,0.417249417,0.172494172,0,0,0,0.618881119,0,0.381118881,0,3.654098361,2.466666667,2.672794118,Thintv31216847m.g,[Protein-PII] uridylyltransferase,No Significant Hits,,,,signal transduction protein regulating glutamine synthetase activity; important enzyme for nitrogen assimilation,"Peng Jiang, James A. Peliska, and Alexander J. Ninfa. Enzymological Characterization of the Signal-Transducing Uridylyltransferase/Uridylyl-Removing Enzyme (EC 2.7.7.59) of Escherichia coli and Its Interaction with the PII Protein†. Biochemistry 1998 37 (37), 12782-12794. DOI: 10.1021/bi980667m

Merrick M. Post-translational modification of P II signal transduction proteins. Front Microbiol. 2015 Jan 6;5:763. doi: 10.3389/fmicb.2014.00763. PMID: 25610437; PMCID: PMC4285133.

Takashi Osanai, Ayuko Kuwahara, Hitomi Otsuki, Kazuki Saito, Masami Yokota Hirai, ACR11 is an Activator of Plastid-Type Glutamine Synthetase GS2 in Arabidopsis thaliana, Plant and Cell Physiology, Volume 58, Issue 4, April 2017, Pages 650–657, https://doi.org/10.1093/pcp/pcx033"
SV02_394911464,V02,394911464,T/C,C,T,C,FHBD3G.DON,C07_SAL_2018,6.72625156931436e-08,0.06,350,-2.345225526,0.000794443,0,0,0,0,0,58,241,0,130,0,0,0.303030303,0.135198135,0.561771562,0,0,0,0,0,0,0,0,0.713286713,0,0.286713287,2.705769231,3.191509434,2.525,,,,,,,,
SV02_590255485,V02,590255485,G/T,G,T,T,FHBD3G.DON,C07_SAL_2018,9.76635206883979e-07,0.002857143,350,-9.111898612,0.00782944,0,379,0,0,0,0,1,49,0,0,0,0,0,0.002331002,0,0,0,0.883449883,0,0,0.114219114,0,0.059440559,0.940559441,0,2.1,2.32,2.804140127,,,,,,,,
SJ01_158429406,J01,158429406,T/C,T,C,C,FHBD3G.DON,C07_SAL_2019,3.7964284418337e-07,0.151300236,423,0.138304554,0.001739144,0,0,0,0,0,10,310,0,109,0,0,0.254079254,0.023310023,0.722610723,0,0,0,0,0,0,0,0,0.84965035,0,0.15034965,0.22,0.276851852,0.280327869,,,,,,,,
SJ04_94758098,J04,94758098,G/A,G,A,A,FHBD3G.DON,C07_SAL_2019,2.38151897226473e-08,0.004728132,423,-0.877112978,0.000248683,0,405,20,4,0,0,0,0,0,0,0,0,0,0,0,0.009324009,0.046620047,0.944055944,0,0,0,0.032634033,0,0.967365967,0,0.1,0.31,0.278195489,,,,,,,,
SS01_243368005,S01,243368005,G/A,G,A,A,FHBD3G.DON,C07_SAL_2019,3.10204208506775e-08,0.003546099,423,-1.067080868,0.000248683,0,302,113,14,0,0,0,0,0,0,0,0,0,0,0,0.032634033,0.263403263,0.703962704,0,0,0,0.164335664,0,0.835664336,0,0.238461538,0.283035714,0.277852349,Thintv31164644m.g,tRNA-splicing endonuclease positive effector (SEN1),No Significant Hits,,,,"senescence-associated protein during plant defence responses; activation of this gene by pathogen occurs predominantly via the salicylic and jasmonic acid signalling pathways, involving the functions of EDS5, NPR1 and JAR1. In addition, in the absence of pathogen challenge, the cpr5/hys1 mutant showed elevated SEN1 expression and displayed an accelerated senescence response following inoculation with the necrotrophic fungal pathogen Fusarium oxysporum. Although the analysis of the sen1-1 knock-out mutant did not reveal any obvious role for this gene in defence or senescence-associated events, our results presented here show that SEN1 is regulated by signals that link plant defence and senescence responses and thus represents a useful marker gene to study the overlap between these two important physiological events","Peer M. Schenk, Kemal Kazan, Anca G. Rusu, John M. Manners, Donald J. Maclean, The SEN1 gene of Arabidopsis is regulated by signals that link plant defence responses and senescence, Plant Physiology and Biochemistry, Volume 43, Issues 10–11, 2005, Pages 997-1005, ISSN 0981-9428, https://doi.org/10.1016/j.plaphy.2005.09.002."
SS01_322704032,S01,322704032,C/T,C,T,T,FHBD3G.DON,C07_SAL_2019,1.71206751138521e-07,0.005910165,423,-0.775035684,0.000915014,NA,0,0,0,0,369,5,0,55,0,0,0.128205128,0.86013986,0.011655012,0,0,0,0,0,0,0,0,0.075757576,0,0.924242424,0.2,0.218867925,0.287671233,No Proximal Genes,,Uncharacterized,T.aestivum,88%,78.53%,,
SS02_358044988,S02,358044988,C/T,C,T,T,FHBD3G.DON,C07_SAL_2019,8.38652035528305e-07,0.122931442,423,0.168809183,0.003361632,1.18963580484514e-08,0,0,0,0,387,3,0,39,0,0,0.090909091,0.902097902,0.006993007,0,0,0,0,0,0,0,0,0.052447552,0,0.947552448,0.466666667,0.202564103,0.284251969,,,,,,,,
SS05_39707358,S05,39707358,A/G,G,A,G,FHBD3G.DON,C07_SAL_2019,3.09462753310448e-08,0.101654846,423,-0.198097089,0.000248683,9.99764969914348e-09,22,180,227,0,0,0,0,0,0,0,0,0,0,0,0.529137529,0.41958042,0.051282051,0,0,0,0.738927739,0,0.261072261,0,0.185714286,0.28258427,0.283035714,No Proximal Genes,,alpha-xylosidase 1-like,H.vulgare subsp.vulgare,100%,91.54%,contributes to maintaining the mechanical integrity of the primary cell wall in the growing and pre-growing tissues,"Shigeyama T, Watanabe A, Tokuchi K, Toh S, Sakurai N, Shibuya N, Kawakami N. _-Xylosidase plays essential roles in xyloglucan remodelling, maintenance of cell wall integrity, and seed germination in Arabidopsis thaliana. J Exp Bot. 2016 Oct;67(19):5615-5629. doi: 10.1093/jxb/erw321. Epub 2016 Sep 7. PMID: 27605715; PMCID: PMC5066485."
SS07_397077923,S07,397077923,A/G,A,G,G,FHBD3G.DON,C07_SAL_2019,4.426183189084e-08,0.007092199,423,-0.706343338,0.000283869,0.81724332,1,98,330,0,0,0,0,0,0,0,0,0,0,0,0.769230769,0.228438228,0.002331002,0,0,0,0.883449883,0,0.116550117,0,0.2,0.28125,0.277300613,No Proximal Genes,,Uncharacterized,T.aestivum,100%,82.30%,,
SV05_560816755,V05,560816755,A/G,A,G,G,FHBD3G.DON,C07_SAL_2019,1.15931918881977e-08,0.004728132,423,-0.76798651,0.000248683,0,32,212,185,0,0,0,0,0,0,0,0,0,0,0,0.431235431,0.494172494,0.074592075,0,0,0,0.678321678,0,0.321678322,0,0.38125,0.266346154,0.273224044,No Proximal Genes,,scarecrow-like protein,T.aestivum,79%,69.38%,negatively regulate chlorophyll biosynthesis via inhibit the expression of the key gene encoding protochlorophyllide oxidoreductase (POR),"Ma Z, Hu X, Cai W, Huang W, Zhou X, Luo Q, et al. (2014) ArabidopsismiR171-Targeted Scarecrow-Like Proteins Bind to GT cis-Elements and Mediate Gibberellin-Regulated Chlorophyll Biosynthesis under Light Conditions. PLoS Genet 10(8): e1004519. https://doi.org/10.1371/journal.pgen.1004519"
SJ01_320309248,J01,320309248,A/C,A,C,C,FHBDON,C07_SAL_2018,2.09438998597434e-08,0.375661376,378,0.139589844,0.000167902,2.16125687909282e-07,0,0,186,0,86,0,0,0,0,157,0,0.2004662,0,0,0.433566434,0,0,0,0.365967366,0,0.616550117,0,0,0.383449883,0.466666667,0.378571429,0.680722892,,,,,,,,
SJ02_140707817,J02,140707817,G/A,G,A,A,FHBDON,C07_SAL_2018,9.79325146682058e-08,0.001322751,378,-2.32279008,0.0005234,4.72901920638809e-08,378,49,2,0,0,0,0,0,0,0,0,0,0,0,0.004662005,0.114219114,0.881118881,0,0,0,0.061771562,0,0.938228438,0,0.4,0.584444444,0.520783133,,,,,,,,
SJ03_533092483,J03,533092483,G/T,G,T,T,FHBDON,C07_SAL_2018,1.34457584326636e-13,0.001322751,378,-3.663517624,4.31165135660225e-09,0,423,0,0,0,0,0,6,0,0,0,0,0,0,0,0,0,0.986013986,0,0,0.013986014,0,0.006993007,0.993006993,0,NA,0.54,0.527882038,,,,,,,,
SS02_476215400,S02,476215400,A/C,A,C,C,FHBDON,C07_SAL_2018,3.16452944900916e-08,0.013227513,378,-0.840027249,0.000202954,0,0,0,422,0,0,0,0,0,0,7,0,0,0,0,0.983682984,0,0,0,0.016317016,0,0.991841492,0,0,0.008158508,NA,0.657142857,0.525606469,,,,,,,,
SS05_332031903,S05,332031903,A/G,A,G,G,FHBDON,C07_SAL_2018,2.556626673215e-10,0.01984127,378,-0.662564362,4.09916737649927e-06,4.38130809034432e-07,60,141,228,0,0,0,0,0,0,0,0,0,0,0,0.531468531,0.328671329,0.13986014,0,0,0,0.695804196,0,0.304195804,0,0.568518519,0.559016393,0.498514851,,,,,,,,
SS06_83112789,S06,83112789,C/T,C,T,T,FHBDON,C07_SAL_2018,1.97825706388623e-07,0.002645503,378,-1.555951406,0.00090624,0.74374661,0,0,0,0,410,0,0,19,0,0,0.044289044,0.955710956,0,0,0,0,0,0,0,0,0,0.022144522,0,0.977855478,NA,0.33125,0.536740331,Thintv31252690m.g,Xanthoxin dehydrogenase,No Significant Hits,,,,biosynthetic enzyme of the phytohormone Abscisic acid (ABA) which plays a key role in biotic and abiotic stress responses. Xanthoxin dehydrogenase is a member of the short-chain dehydrogenase/reductase family that catalyzes the conversion of xanthoxin to abscisyl aldehyde (ABAld).,"Endo A, Nelson KM, Thoms K, Abrams SR, Nambara E, Sato Y. Functional characterization of xanthoxin dehydrogenase in rice. J Plant Physiol. 2014 Sep 1;171(14):1231-40. doi: 10.1016/j.jplph.2014.05.003. Epub 2014 Jun 2. PMID: 25014258."
SV03_478717202,V03,478717202,T/C,C,T,C,FHBDON,C07_SAL_2018,9.39950610383859e-09,0.011904762,378,-0.763552874,0.000100471,1.95323285324458e-06,0,0,0,0,61,63,0,305,0,0,0.710955711,0.142191142,0.146853147,0,0,0,0,0,0,0,0,0.502331002,0,0.497668998,0.409433962,0.554779412,0.509433962,,,,,,,,
SV07_664789157,V07,664789157,A/G,A,G,G,FHBDON,C07_SAL_2018,9.24615812051142e-07,0.009259259,378,-0.750200157,0.003706207,2.84050147575554e-07,1,6,422,0,0,0,0,0,0,0,0,0,0,0,0.983682984,0.013986014,0.002331002,0,0,0,0.990675991,0,0.009324009,0,1,0.82,0.522849462,,,,,,,,
SJ02_80542653,J02,80542653,C/T,C,T,T,FHBDON,C07_SAL_2019,9.59863821325802e-07,0.003537736,424,-6.608158628,0.007694988,0,0,0,0,0,408,1,0,20,0,0,0.046620047,0.951048951,0.002331002,0,0,0,0,0,0,0,0,0.025641026,0,0.974358974,2.2,3.45,3.015880893,No Proximal Genes,,disease resistance protein RGA4-like mRNA,T.aestivum,99%,92%,stem rust,"X. Wang, J. Richards, T. Gross, A. Druka, A. Kleinhofs, B. Steffenson, M. Acevedo, and R. Brueggeman. The rpg4-Mediated Resistance to Wheat Stem Rust (Puccinia graminis) in Barley (Hordeum vulgare) Requires Rpg5, a Second NBS-LRR Gene, and an Actin Depolymerization Factor. Molecular Plant-Microbe Interactions® 2013 26:4, 407-418 "
SJ03_626554531,J03,626554531,A/C,C,A,C,FHBDON,C07_SAL_2019,8.35928214479978e-11,0.007075472,424,-5.407546348,1.34028550268647e-06,0,0,0,226,0,97,0,0,0,0,106,0,0.226107226,0,0,0.526806527,0,0,0,0.247086247,0,0.65034965,0,0,0.34965035,2.974226804,3.831132075,2.678733032,,,,,,,,
SS05_89380677,S05,89380677,A/G,A,G,G,FHBDON,C07_SAL_2019,4.72373815008549e-07,0.024764151,424,-2.932860782,0.005049204,0,5,27,397,0,0,0,0,0,0,0,0,0,0,0,0.925407925,0.062937063,0.011655012,0,0,0,0.956876457,0,0.043123543,0,1.84,2.322222222,3.09872449,,,,,,,,
SV05_543093563,V05,543093563,C/T,C,T,T,FHBDON,C07_SAL_2019,1.1016894153467e-13,0.003537736,424,-10.89378109,3.53278744819225e-09,0,0,0,0,0,362,7,0,60,0,0,0.13986014,0.843822844,0.016317016,0,0,0,0,0,0,0,0,0.086247086,0,0.913752914,3.714285714,2.5,3.109217877,Thintv31372216m.g,UnIdentified,No Significant Hits,,,,,
SJ02_535136401,J02,535136401,G/A,G,A,A,FHBDON,C07_SAL_2020,1.56265092680306e-24,0.003333333,300,-4.010916332,5.01095272697937e-20,11.03828937,383,40,6,0,0,0,0,0,0,0,0,0,0,0,0.013986014,0.093240093,0.892773893,0,0,0,0.060606061,0,0.939393939,0,0.225,0.092,0.269372694,No Proximal Genes,,Uncharacterized,T.aestivum,100%,97.51%,,
SJ03_111371772,J03,111371772,G/T,G,T,T,FHBDON,C07_SAL_2020,5.02482291191527e-18,0.003333333,300,-3.227594782,4.02827490790968e-14,1.036465186,336,0,0,0,0,0,93,0,0,0,0,0,0,0,0,0,0.783216783,0,0,0.216783217,0,0.108391608,0.891608392,0,NA,0.466176471,0.191810345,,,,,,,,
SJ03_23619855,J03,23619855,T/A,T,A,A,FHBDON,C07_SAL_2020,1.65314094207023e-12,0.001666667,300,-2.287335515,7.57303865562372e-09,0,0,0,34,0,0,173,0,0,222,0,0,0,0.403263403,0.517482517,0.079254079,0,0,0,0,0,0.337995338,0.662004662,0,0,0.2,0.260784314,0.256557377,,,,,,,,
SJ07_537457347,J07,537457347,A/T,A,T,T,FHBDON,C07_SAL_2020,2.31351246856695e-11,0.005,300,-1.185321461,9.27342554119207e-08,0,0,0,354,0,0,8,0,0,67,0,0,0,0.018648019,0.156177156,0.825174825,0,0,0,0,0,0.903263403,0.096736597,0,0,0.033333333,0.246153846,0.257751938,,,,,,,,
SS01_289224236,S01,289224236,T/A,T,A,A,FHBDON,C07_SAL_2020,9.40493643806378e-07,0.076666667,300,-0.2218451,0.003015881,6.97860494,0,0,50,0,0,214,0,0,165,0,0,0,0.498834499,0.384615385,0.116550117,0,0,0,0,0,0.308857809,0.691142191,0,0,0.607894737,0.205172414,0.200684932,Thintv31166518m.g,Leucine permease transcriptional regulator,No Significant Hits,,,,"whole-plant N reallocation; belong to family commonly associated with signal perception, transduction and/or regulatory processes","Jukanti, A.K., Heidlebaugh, N.M., Parrott, D.L., Fischer, I.A., McInnerney, K. and Fischer, A.M. (2008), Comparative transcriptome profiling of near-isogenic barley (Hordeum vulgare) lines differing in the allelic state of a major grain protein content locus identifies genes with possible roles in leaf senescence and nitrogen reallocation. New Phytologist, 177: 333-349. https://doi.org/10.1111/j.1469-8137.2007.02270.x"
SS02_105621999,S02,105621999,T/C,C,T,T,FHBDON,C07_SAL_2020,2.59691672439799e-19,0.005,300,3.441853977,2.77584428670901e-15,0,0,0,0,0,154,106,0,169,0,0,0.393939394,0.358974359,0.247086247,0,0,0,0,0,0,0,0,0.444055944,0,0.555944056,0.297345133,0.254782609,0.184722222,,,,,,,,
SS05_151631442,S05,151631442,T/C,C,T,C,FHBDON,C07_SAL_2020,1.03909678132689e-12,0.001666667,300,-3.300523917,5.55345274780155e-09,0,0,0,0,0,51,240,0,138,0,0,0.321678322,0.118881119,0.559440559,0,0,0,0,0,0,0,0,0.72027972,0,0.27972028,0.223684211,0.241237113,0.268484848,,,,,,,,
SS06_329485557,S06,329485557,C/G,C,G,G,FHBDON,C07_SAL_2020,5.70331881482668e-08,0.136666667,300,-0.174552535,0.000203209,0,14,0,0,64,351,0,0,0,0,0,0,0.818181818,0,0,0,0,0.032634033,0.149184149,0,0,0,0,0.107226107,0.892773893,0.1875,0.180952381,0.2684,,,,,,,,
SS06_83112789,S06,83112789,C/T,C,T,T,FHBDON,C07_SAL_2020,1.29874673029611e-13,0.001666667,300,-3.786361191,8.32938228008106e-10,0,0,0,0,0,410,0,0,19,0,0,0.044289044,0.955710956,0,0,0,0,0,0,0,0,0,0.022144522,0,0.977855478,NA,0.04,0.265263158,Thintv31252690m.g,Xanthoxin dehydrogenase,No Significant Hits,,,,biosynthetic enzyme of the phytohormone Abscisic acid (ABA) which plays a key role in biotic and abiotic stress responses. Xanthoxin dehydrogenase is a member of the short-chain dehydrogenase/reductase family that catalyzes the conversion of xanthoxin to abscisyl aldehyde (ABAld).,"Endo A, Nelson KM, Thoms K, Abrams SR, Nambara E, Sato Y. Functional characterization of xanthoxin dehydrogenase in rice. J Plant Physiol. 2014 Sep 1;171(14):1231-40. doi: 10.1016/j.jplph.2014.05.003. Epub 2014 Jun 2. PMID: 25014258."
SV07_202019831,V07,202019831,A/G,G,A,G,FHBDON,C07_SAL_2020,1.43542630881417e-22,0.001666667,300,-4.158341185,2.3014907722372e-18,0,17,98,314,0,0,0,0,0,0,0,0,0,0,0,0.731934732,0.228438228,0.03962704,0,0,0,0.846153846,0,0.153846154,0,0.775,0.355555556,0.197777778,,,,,,,,
SJ04_470381305,J04,470381305,T/A,A,T,A,FHBDON,C10_OLA_2021,2.56105698670796e-07,0.030448718,312,-15.16685275,0.002053135,4.763344854,0,0,30,0,0,197,0,0,137,0,0,0,0.541208791,0.376373626,0.082417582,0,0,0,0,0,0.270604396,0.729395604,0,0,27.816,18.12820513,19.04058824,,,,,,,,
SJ06_190433484,J06,190433484,A/G,A,G,G,FHBDON,C10_OLA_2021,1.59478555936878e-07,0.001602564,312,-95.28052198,0.001704666,0,20,111,233,0,0,0,0,0,0,0,0,0,0,0,0.64010989,0.304945055,0.054945055,0,0,0,0.792582418,0,0.207417582,0,15.85882353,20.52666667,19.20146341,No Proximal Genes,,Uncharacterized,T.aestivum,89%,93.92%,,
SS01_260252102,S01,260252102,C/A,C,A,A,FHBDON,C10_OLA_2021,2.72738202937405e-11,0.004807692,312,-69.76971812,8.74589595359376e-07,0.52810098,0,0,0,0,364,0,0,0,0,0,0,1,0,0,0,0,0,0,0,0,0,0,0,1,NA,NA,19.40160256,,,,,,,,
SS06_262784533,S06,262784533,C/T,T,C,T,FHBDON,C10_OLA_2021,1.04330137352158e-06,0.177884615,312,-7.164501265,0.005575924,7.51787065103365e-08,0,0,0,0,318,2,0,44,0,0,0.120879121,0.873626374,0.005494505,0,0,0,0,0,0,0,0,0.065934066,0,0.934065934,40.75,25.36410256,18.38597786,,,,,,,,
SV01_70280031,V01,70280031,T/C,T,C,C,FHBDON,C10_OLA_2021,6.59085235792816e-08,0.282051282,312,-6.194026631,0.001056744,8.56670703106702e-07,0,0,0,0,0,239,0,125,0,0,0.343406593,0,0.656593407,0,0,0,0,0,0,0,0,0.828296703,0,0.171703297,NA,19.75192308,19.22644231,No Proximal Genes,,agamous-like MADS-box protein,H.vulgare subsp.vulgare,100%,90.20%,AGAMOUS_LIKE6 (AGL6)_like genes are ancient MADS_box genes; floral organ identity and its involvement in spikelet meristem development,"Kong X, Wang F, Geng S, Guan J, Tao S, Jia M, Sun G, Wang Z, Wang K, Ye X, Ma J, Liu D, Wei Y, Zheng Y, Fu X, Mao L, Lan X, Li A. The wheat AGL6-like MADS-box gene is a master regulator for floral organ identity and a target for spikelet meristem development manipulation. Plant Biotechnol J. 2022 Jan;20(1):75-88. doi: 10.1111/pbi.13696. Epub 2021 Oct 2. PMID: 34487615; PMCID: PMC8710900."
SV03_434778697,V03,434778697,G/A,A,G,A,FHBDON,C10_OLA_2021,9.75492756318682e-07,0.445512821,312,3.958798381,0.005575924,2.81638720044367e-08,262,84,18,0,0,0,0,0,0,0,0,0,0,0,0.049450549,0.230769231,0.71978022,0,0,0,0.164835165,0,0.835164835,0,19.55,16.87671233,20.21155556,No Proximal Genes,,ankyrin repeat-containing protein,H.vulgare subsp.vulgare,98%,91.92%,"generally involved in protein-protein interactions to regulate plant defense responses through interactions with distinct proteins. Inculding regulating salicylic acid-induced PR gene expression and pathogen resistance. YrU1, a stripe rust resistance gene from the diploid wheat Triticum urartu, encodes a coiled-coil-NBS-leucine-rich repeat protein with N-terminal ankyrin-repeat and C-terminal WRKY domains","Yang Y, Zhang Y, Ding P, Johnson K, Li X, Zhang Y. The ankyrin-repeat transmembrane protein BDA1 functions downstream of the receptor-like protein SNC2 to regulate plant immunity. Plant Physiol. 2012 Aug;159(4):1857-65. doi: 10.1104/pp.112.197152. Epub 2012 Jun 27. PMID: 22740615; PMCID: PMC3425218."
SJ02_537945840,J02,537945840,C/T,C,T,T,FHBDON,C10_OLA_2022,6.949642257606e-08,0.121428571,280,-2.971865647,0.000742847,0,0,0,0,0,317,1,0,46,0,0,0.126373626,0.870879121,0.002747253,0,0,0,0,0,0,0,0,0.065934066,0,0.934065934,NA,7.315384615,8.198340249,,,,,,,,
SS01_333518696,S01,333518696,G/T,G,T,T,FHBDON,C10_OLA_2022,1.3922983234927e-06,0.4375,280,-1.854918207,0.007441138,0,361,0,0,0,0,0,3,0,0,0,0,0,0,0,0,0,0.991758242,0,0,0.008241758,0,0.004120879,0.995879121,0,NA,11.53333333,8.037906137,,,,,,,,
SS01_338632504,S01,338632504,G/T,G,T,T,FHBDON,C10_OLA_2022,1.34634150244992e-06,0.116071429,280,-2.632810964,0.007441138,1.416255627,105,0,0,0,0,91,168,0,0,0,0,0,0.25,0,0,0,0.288461538,0,0,0.461538462,0,0.480769231,0.519230769,0,9.142465753,8.094615385,7.031168831,,,,,,,,
SS03_383088528,S03,383088528,T/C,T,C,C,FHBDON,C10_OLA_2022,1.39097909432118e-08,0.358928571,280,-2.296421858,0.000446045,0,0,0,0,0,0,352,0,12,0,0,0.032967033,0,0.967032967,0,0,0,0,0,0,0,0,0.983516484,0,0.016483516,NA,11.3375,7.979411765,,,,,,,,
SS03_447957443,S03,447957443,G/A,A,G,A,FHBDON,C10_OLA_2022,5.02587964605812e-08,0.125,280,-3.145172408,0.000742847,NA,318,39,7,0,0,0,0,0,0,0,0,0,0,0,0.019230769,0.107142857,0.873626374,0,0,0,0.072802198,0,0.927197802,0,6.5,8.562068966,8.05,,,,,,,,
SV03_259924662,V03,259924662,A/G,A,G,G,FHBDON,C10_OLA_2022,1.02531291249809e-07,0.333928571,280,2.338064303,0.000821968,3.183544367,0,2,362,0,0,0,0,0,0,0,0,0,0,0,0.994505495,0.005494505,0,0,0,0,0.997252747,0,0.002747253,0,NA,17.85,8.005035971,,,,,,,,
SJ02_530678956,J02,530678956,C/T,C,T,T,FHBDON,C10_SAL_2021,1.06495360168868e-07,0.051724138,319,-1.854603698,0.000426873,0,0,0,0,0,335,0,0,22,0,0,0.06162465,0.93837535,0,0,0,0,0,0,0,0,0,0.030812325,0,0.969187675,NA,2.047368421,3.084,Thintv31038336m.g,Uncharacterized,UPF0481 protein,T.aestivum,100%,96.02%,defense against alkaline stress,"Guo M, Li S, Tian S, Wang B, Zhao X (2017) Transcriptome analysis of genes involved in defense against alkaline stress in roots of wild jujube (Ziziphus acidojujuba). PLoS ONE 12(10): e0185732. https://doi.org/10.1371/journal.pone.0185732"
SJ02_594684575,J02,594684575,G/A,G,A,A,FHBDON,C10_SAL_2021,1.17492917559336e-09,0.001567398,319,-13.78233595,9.41911346843806e-06,2.389935592,268,67,22,0,0,0,0,0,0,0,0,0,0,0,0.06162465,0.18767507,0.75070028,0,0,0,0.155462185,0,0.844537815,0,2.790909091,2.85,3.087341772,,,,,,,,
SJ07_16833484,J07,16833484,C/G,G,C,G,FHBDON,C10_SAL_2021,3.84813617138996e-10,0.001567398,319,-17.22981524,4.11327275359873e-06,0,0,0,0,18,339,0,0,0,0,0,0,0.949579832,0,0,0,0,0,0.050420168,0,0,0,0,0.025210084,0.974789916,NA,4.813333333,2.933881579,No Proximal Genes,,"omega gliadin-Dx, gamma gliadin-Dx, delta gliadin-Dx",T.aestivum,80%,71.17%,wheat gluten proteins,"Altenbach SB, Chang HC, Yu XB, Seabourn BW, Green PH, Alaedini A. Elimination of Omega-1,2 Gliadins From Bread Wheat (Triticum aestivum) Flour: Effects on Immunogenic Potential and End-Use Quality. Front Plant Sci. 2019 May 9;10:580. doi: 10.3389/fpls.2019.00580. PMID: 31143195; PMCID: PMC6521778."
SJ07_421470788,J07,421470788,C/A,C,A,A,FHBDON,C10_SAL_2021,7.16416179810016e-08,0.021943574,319,-2.890826758,0.00032819,6.745924932,0,0,3,0,302,0,0,0,0,52,0,0.845938375,0,0,0.008403361,0,0,0,0.145658263,0,0.081232493,0,0,0.918767507,1.766666667,2.991489362,3.041635688,,,,,,,,
SJ07_491374653,J07,491374653,T/C,T,C,C,FHBDON,C10_SAL_2021,2.87126409569888e-07,0.434169279,319,1.123155831,0.000981356,0,0,0,0,0,9,285,0,63,0,0,0.176470588,0.025210084,0.798319328,0,0,0,0,0,0,0,0,0.886554622,0,0.113445378,2.088888889,3.244827586,3.004365079,Thintv31147102m.g,Polygalacturonase,No Significant Hits,,,,polygalacturonase inhibiting protiens (PGIP) restrict or halt pathogen invasion. Wheat PGIP specific for C. sativus endopolygalacturonase is reported,"Gabré Kemp, Carl W. Bergmann, Ron Clay, Amie J. Van der Westhuizen, and Zacharias A. Pretorius. Isolation of a Polygalacturonase-Inhibiting Protein (PGIP) from Wheat. Molecular Plant-Microbe Interactions® 2003 16:11, 955-961 "
SJ07_495046207,J07,495046207,T/C,T,C,C,FHBDON,C10_SAL_2021,2.58214425065934e-08,0.079937304,319,-2.008502968,0.000138003,3.462950358,0,0,0,0,2,130,0,225,0,0,0.630252101,0.005602241,0.364145658,0,0,0,0,0,0,0,0,0.679271709,0,0.320728291,0.85,3.133168317,2.865217391,Thintv31147245m.g,Uncharacterized,Uncharacterized,T.aestivum,97%,69.76%,,
SS07_301996644,S07,301996644,A/G,G,A,G,FHBDON,C10_SAL_2021,2.09606200121101e-13,0.001567398,319,-17.14277671,6.72144201928335e-09,1.089352669,0,18,339,0,0,0,0,0,0,0,0,0,0,0,0.949579832,0.050420168,0,0,0,0,0.974789916,0,0.025210084,0,NA,3.90625,2.975577558,Thintv31277797m.g,zinc ion binding; regulation of transcription,FAR-1-Relatedd sequence 5-like,T.aestivum,100%,98.01%,"FAR-RED IMPAIRED RESPONSE1 (FAR1) transposase-derived transcription factor that is important to plant growth and development. The N-terminal FAR1 DNA-binding domain is a type of C2H2 zinc-finger domain from the WRKY-Glial Cell Missing1 (WRKY-GCM1) superfamily, which bind to specific cis-elements in the promoter regions of diverse targets ","Ma Lin , Li Gang. FAR1-RELATED SEQUENCE (FRS) and FRS-RELATED FACTOR (FRF) Family Proteins in Arabidopsis Growth and Development. Frontiers in Plant Science. VOLUME 9. 2018. https://www.frontiersin.org/journals/plant-science/articles/10.3389/fpls.2018.00692. DOI: 10.3389/fpls.2018.00692. ISSN: 1664-462X"
SV02_452759354,V02,452759354,C/G,G,C,G,FHBDON,C10_SAL_2021,8.60279979486605e-07,0.405956113,319,-0.809788259,0.002507873,0.091216791,37,0,0,135,185,0,0,0,0,0,0,0.518207283,0,0,0,0,0.103641457,0.378151261,0,0,0,0,0.292717087,0.707282913,4.477419355,2.5032,3.143558282,No Proximal Genes,,Uncharacterized,T.aestivum,83%,85.80%,,
SV03_26394652,V03,26394652,A/T,A,T,T,FHBDON,C10_SAL_2021,3.06032886592892e-07,0.001567398,319,-11.02604981,0.000981356,8.419925133,0,0,247,0,0,2,0,0,108,0,0,0,0.005602241,0.302521008,0.691876751,0,0,0,0,0,0.843137255,0.156862745,0,0,2.1,2.571578947,3.21838565,,,,,,,,
SV03_49596960,V03,49596960,G/T,T,G,G,FHBDON,C10_SAL_2021,3.205342383412e-10,0.003134796,319,-10.2048414,4.11327275359873e-06,9.48201505041741e-09,98,0,0,0,0,105,154,0,0,0,0,0,0.294117647,0,0,0,0.274509804,0,0,0.431372549,0,0.509803922,0.490196078,0,3.216304348,3.058273381,2.7625,Thintv31326000m.g,Uncharacterized,Uncharacterized,T.aestivum,99%,77.50%,,
SV07_505205092,V07,505205092,G/A,G,A,A,FHBDON,C10_SAL_2021,1.77213544521134e-09,0.012539185,319,-4.701001589,1.13654134643184e-05,0,357,0,0,0,0,0,0,0,0,0,0,0,0,0,0,0,1,0,0,0,0,0,1,0,NA,NA,3.022257053,Thintv31402857m.g,Acetyltransferase (GNAT) family; Glucosamine-phosphate N-acetyltransferase,"serotonin N-acetyltransferase 2, chloroplastic-like",T.aestivum,100%,97.01%,"General control non-repressible 5 (GCN5)-related N-acetyltransferases (GNAT) catalyze the transfer of an acyl moiety from acyl coenzyme A (acyl-CoA) to a diverse group of substrates and are widely distributed in all domains of life. GNAT enzyme glucosamine-6-phosphate N-acetyltransferase-1 is involved in the biosynthesis of a metabolite, uridine diphosphate (UDP)-N-acetylglucosamine. UDP-glucuronic acid is a sugar donor for the glycosylation of various plant specialized metabolites and associated with triterpenoid saponin biosynthesis in relation to cell wall component biosynthesis. GNAT enzyme serotonin N-acetyltransferase, catalyzes transfer of an acetyl group from AcCoA to the primary amine of a wide range of arylalkylamine substrates, including dopamine, serotonin, phenylethylamine and tryptamine. Tryptamine and serotonin pathways lead to the production of defence-associated hormones and metabolites in wheat following F. pseudograminearum infection. ","Salah Ud-Din AI, Tikhomirova A, Roujeinikova A. Structure and Functional Diversity of GCN5-Related N-Acetyltransferases (GNAT). Int J Mol Sci. 2016 Jun 28;17(7):1018. doi: 10.3390/ijms17071018. PMID: 27367672; PMCID: PMC4964394.

Kawasaki A, Chikugo A, Tamura K, Seki H, Muranaka T. Characterization of UDP-glucose dehydrogenase isoforms in the medicinal legume Glycyrrhiza uralensis. Plant Biotechnol (Tokyo). 2021 Jun 25;38(2):205-218. doi: 10.5511/plantbiotechnology.21.0222a. PMID: 34393599; PMCID: PMC8329271.

Jonathan J. Powell, Jason Carere, Timothy L. Fitzgerald, Jiri Stiller, Lorenzo Covarelli, Qian Xu, Frank Gubler, Michelle L. Colgrave, Donald M. Gardiner, John M. Manners, Robert J. Henry, Kemal Kazan, The Fusarium crown rot pathogen Fusarium pseudograminearum triggers a suite of transcriptional and metabolic changes in bread wheat (Triticum aestivum L.), Annals of Botany, Volume 119, Issue 5, March 2017, Pages 853–867, https://doi.org/10.1093/aob/mcw207"
SJ02_517769933,J02,517769933,T/C,T,C,C,FHBDON,C10_SAL_2022,4.9246819108112e-08,0.00931677,322,-0.413630418,0.000175466,4.84477991068039e-06,0,0,0,0,6,187,0,164,0,0,0.459383754,0.016806723,0.523809524,0,0,0,0,0,0,0,0,0.753501401,0,0.246498599,0.15,0.108965517,0.135672515,Thintv31037767m.g,"UDP-glucuronosyl and UDP-glucosyl transferase,Isoflavone 7-O-glucosyltransferase","myricetin 3-O-rhamnoside 1,2-gluucosyltransfrease",T.aestivum,100%,99%,"Isoflavones play very important roles in plant-microbe interactions in certain legumes such as soybeans. UDP-glucose:isoflavone 7-O-glucosyltransferase is a key enzyme in the synthesis of isoflavone conjugates, which serve as an isoflavonoid pool that allows for interaction with microorganisms. Myricetin 3-O-rhamnoside is a flavonol phenolic compound with reported antioxidant activity to inhibit xanthine oxidase activity, lipid peroxidation and to scavenge the free radical 1,1-diphenyl-2-picrylhydrazyl","Noguchi A, Saito A, Homma Y, Nakao M, Sasaki N, Nishino T, Takahashi S, Nakayama T. A UDP-glucose:isoflavone 7-O-glucosyltransferase from the roots of soybean (glycine max) seedlings. Purification, gene cloning, phylogenetics, and an implication for an alternative strategy of enzyme catalysis. J Biol Chem. 2007 Aug 10;282(32):23581-90. doi: 10.1074/jbc.M702651200. Epub 2007 Jun 11. PMID: 17565994.        

Nawel Hayder, Ines Bouhlel, Ines Skandrani, Malika Kadri, Régine Steiman, Pascale Guiraud, Anne-Marie Mariotte, Kamel Ghedira, Marie-Geneviève Dijoux-Franca, Leila Chekir-Ghedira, In vitro antioxidant and antigenotoxic potentials of myricetin-3-o-galactoside and myricetin-3-o-rhamnoside from Myrtus communis: Modulation of expression of genes involved in cell defence system using cDNA microarray, Toxicology in Vitro, Volume 22, Issue 3, 2008, Pages 567-581, ISSN 0887-2333, https://doi.org/10.1016/j.tiv.2007.11.015."
SJ05_552460009,J05,552460009,C/T,C,T,T,FHBDON,C10_SAL_2022,2.22636437319247e-32,0.001552795,322,-2.329020159,7.13928263551628e-28,0,0,0,0,0,349,4,0,4,0,0,0.011204482,0.977591036,0.011204482,0,0,0,0,0,0,0,0,0.016806723,0,0.983193277,0,0.1,0.125714286,Thintv31106407m.g,"Ring finger domain,Anaphase-promoting complex (APC), subunit 11",RING-H2 finger protein ATL2,T.aestivum,100%,94.20%,"Salinas-Mondragón, R.E., Garcidueñas-Piña, C. & Guzmán, P. Early elicitor induction in members of a novel multigene family coding for highly related RING-H2 proteins in Arabidopsis thaliana. Plant Mol Biol 40, 579–590 (1999). https://doi.org/10.1023/A:1006267201855",
SJ07_421470788,J07,421470788,C/A,C,A,A,FHBDON,C10_SAL_2022,1.06561755959676e-12,0.023291925,322,-0.397167009,6.83423165671784e-09,0,0,0,3,0,302,0,0,0,0,52,0,0.845938375,0,0,0.008403361,0,0,0,0.145658263,0,0.081232493,0,0,0.918767507,0.166666667,0.066,0.134200743,,,,,,,,
SJ07_603983512,J07,603983512,C/T,T,C,T,FHBDON,C10_SAL_2022,7.37408917119302e-07,0.001552795,322,-0.972909919,0.002149681,0,0,0,0,0,175,41,0,141,0,0,0.394957983,0.490196078,0.114845938,0,0,0,0,0,0,0,0,0.31232493,0,0.68767507,0.094736842,0.10390625,0.147435897,Thintv31152524m.g,Unknown,No Significant Hits,,,,,
SS02_486726932,S02,486726932,G/C,G,C,C,FHBDON,C10_SAL_2022,1.28392809182664e-10,0.02484472,322,0.254579663,6.86195368676749e-07,0,297,0,0,59,1,0,0,0,0,0,0,0.00280112,0,0,0,0,0.831932773,0.165266106,0,0,0,0,0.914565826,0.085434174,0,0.105660377,0.127985075,Thintv31192151m.g,"LEUCINE-RICH REPEAT-CONTAINING PROTEIN,Apoptotic ATPase,NB-ARC domain,ADP binding",No Significant Hits,,,,"The leucine-rich repeats (LRR)-containing domain is evolutionarily conserved in many proteins associated with innate immunity in plants, invertebrates and vertebrates. Serving as a first line of defense, the innate immune response is initiated through the sensing of pathogen-associated molecular patterns (PAMPs). In plants, NBS (nucleotide-binding site)-LRR proteins provide recognition of pathogen products of avirulence (AVR) genes. LRRs also promote interaction between LRR proteins as observed in receptor-coreceptor complexes. The core nucleotide-binding fold in NB-LRR proteins is part of a larger entity called the NB-ARC domain because of its presence in APAF-1 (apoptotic protease-activating factor-1), R proteins and CED-4 (Caenorhabditis elegans death-4 protein). R proteins trigger the induction of plant defences to restrict pathogen proliferation, often localized cell death through apotosis","Ng A, Xavier RJ. Leucine-rich repeat (LRR) proteins: integrators of pattern recognition and signaling in immunity. Autophagy. 2011 Sep;7(9):1082-4. doi: 10.4161/auto.7.9.16464. Epub 2011 Sep 1. PMID: 21606681; PMCID: PMC3901792.        

Gerben van Ooijen, Gabriele Mayr, Mobien M. A. Kasiem, Mario Albrecht, Ben J. C. Cornelissen, Frank L. W. Takken, Structure–function analysis of the NB-ARC domain of plant disease resistance proteins, Journal of Experimental Botany, Volume 59, Issue 6, April 2008, Pages 1383–1397, https://doi.org/10.1093/jxb/ern045"
SS07_301996644,S07,301996644,A/G,G,A,G,FHBDON,C10_SAL_2022,5.23698365928463e-27,0.001552795,322,-2.264916422,8.39671775011401e-23,3.41660236552256e-06,0,18,339,0,0,0,0,0,0,0,0,0,0,0,0.949579832,0.050420168,0,0,0,0,0.974789916,0,0.025210084,0,NA,0.055555556,0.127960526,Thintv31277797m.g,"SWIM zinc finger,zinc ion binding,regulation of transcription, DNA-dependent",FAR1-Related sequence 5,T.aestivum,100%,98.01%,"FAR-RED IMPAIRED RESPONSE1 (FAR1) transposase-derived transcription factor that is important to plant growth and development. The N-terminal FAR1 DNA-binding domain is a type of C2H2 zinc-finger domain from the WRKY-Glial Cell Missing1 (WRKY-GCM1) superfamily, which bind to specific cis-elements in the promoter regions of diverse targets ","Ma Lin , Li Gang. FAR1-RELATED SEQUENCE (FRS) and FRS-RELATED FACTOR (FRF) Family Proteins in Arabidopsis Growth and Development. Frontiers in Plant Science. VOLUME 9. 2018. https://www.frontiersin.org/journals/plant-science/articles/10.3389/fpls.2018.00692. DOI: 10.3389/fpls.2018.00692. ISSN: 1664-462X"
SV02_452036252,V02,452036252,T/G,T,G,T,FHBDON,C10_SAL_2022,9.52985305390824e-10,0.00621118,322,-0.339280449,4.36562568399537e-06,7.93589950154749e-07,88,0,0,0,0,87,182,0,0,0,0,0,0.243697479,0,0,0,0.246498599,0,0,0.509803922,0,0.49859944,0.50140056,0,0.184615385,0.111377246,0.08961039,,,,,,,,
SV05_550625854,V05,550625854,C/G,C,G,G,FHBDON,C10_SAL_2022,7.95259770173776e-08,0.020186335,322,0.616486641,0.000255016,0,0,0,0,16,341,0,0,0,0,0,0,0.955182073,0,0,0,0,0,0.044817927,0,0,0,0,0.022408964,0.977591036,NA,0.05,0.127272727,,,,,,,,
SV05_564391501,V05,564391501,C/T,T,C,T,FHBDON,C10_SAL_2022,3.16282828882387e-08,0.02173913,322,0.532048751,0.000126778,0,0,0,0,0,240,18,0,99,0,0,0.277310924,0.672268908,0.050420168,0,0,0,0,0,0,0,0,0.18907563,0,0.81092437,0.18,0.098888889,0.130414747,Thintv31373157m.g,"Plant pleckstrin homology-like region,Auxin canalisation",VAN3-binding protein,T.aestivum,100%,98.51%,"pleckstrin homology (PH) domains bind phosphoinositides and Arf (ADP-ribosylation factor) family small G-proteins where they may function as coincidence detectors. The plant hormon Auxin forms it's own transport channels to provide positional information, along which new vascular strands form, for example, during organogenesis, regeneration, or leave venation. This vasular tissue system secures exchange of nutrients and assimilate between organs. VAN3-binding protein from Arabidopsis thaliana (aka FORKED1) enables auxin canalisation by recruitment of the PIN1 auxin efflux protein to the cell membrane","Lemmon MA. Pleckstrin homology (PH) domains and phosphoinositides. Biochem Soc Symp. 2007;(74):81-93. doi: 10.1042/BSS0740081. PMID: 17233582; PMCID: PMC3777418.        

Jakub Hajn_, Shutang Tan, Ji_í Friml, Auxin canalization: From speculative models toward molecular players, Current Opinion in Plant Biology, Volume 65, 2022, 102174, ISSN 1369-5266, https://doi.org/10.1016/j.pbi.2022.102174.        

FORKED1 encodes a PH domain protein that is required for PIN1 localization in developing leaf veins. Hou H, Erickson J, Meservy J, Schultz EA. Plant J. 63, 960-73, (2010).View articlePMID: 20626652"
SV05_570894065,V05,570894065,G/A,G,A,A,FHBDON,C10_SAL_2022,2.84036696640414e-15,0.01863354,322,-0.242142548,3.03606825038939e-11,2.58184778026734e-08,174,145,38,0,0,0,0,0,0,0,0,0,0,0,0.106442577,0.406162465,0.487394958,0,0,0,0.30952381,0,0.69047619,0,0.076470588,0.108396947,0.147133758,,,,,,,,
SV05_574080626,V05,574080626,T/A,T,A,A,FHBDON,C10_SAL_2022,6.54792429176242e-13,0.017080745,322,1.73229827,5.24930720659863e-09,0.324782803,0,0,21,0,0,101,0,0,235,0,0,0,0.282913165,0.658263305,0.058823529,0,0,0,0,0,0.387955182,0.612044818,0,0,0.094444444,0.130143541,0.115789474,Thintv31373537m.g,"Chaperone HSP104 and related ATP-dependent Clp proteases, ATP-binding subunit ClpB",No Significant Hits,,,,AAA+ motor proteins repair or remove damaged or unneeded proteins. ClpB and Hsp104 rescue damaged proteins from toxic aggregates by recognizing and disrupting protein aggregates in vivo. ,"Duran Elizabeth C. , Weaver Clarissa L. , Lucius Aaron L. Comparative Analysis of the Structure and Function of AAA+ Motors ClpA, ClpB, and Hsp104: Common Threads and Disparate Functions. Frontiers in Molecular Biosciences. VOLUME 4. 2017. https://www.frontiersin.org/journals/molecular-biosciences/articles/10.3389/fmolb.2017.00054. DOI=10.3389/fmolb.2017.00054. ISSN=2296-889X"
SJ03_302994249,J03,302994249,T/C,T,C,C,FHBSPKINC,C10_OLA_2021,1.86822793138239e-10,0.003787879,264,27.89413084,5.9908465075639e-06,0.651356883,0,0,0,0,0,364,0,0,0,0,0,0,1,0,0,0,0,0,0,0,0,1,0,0,NA,NA,93.98063426,Thintv31055700m.g,amino acid transport,amino acid permease BAT1 homolog,T.aestivum,97%,88.32%,Arabidopsis BAT1 mediates the import of arginine and alanine and may mediate amino acid export from leaf cells. The majority of wheat grain nitrogen is derived from amino acids remobilized from vegetative organs. BAT1 was up-regulated by nematode infection during penetration stage and feeding site establishment which suggests that amino acid metabolism plays a crucial role for nematode infection.,"Yao X, Nie J, Bai R, Sui X. Amino Acid Transporters in Plants: Identification and Function. Plants (Basel). 2020 Jul 31;9(8):972. doi: 10.3390/plants9080972. PMID: 32751984; PMCID: PMC7466100.        

Wan Y, King R, Mitchell RAC, Hassani-Pak K, Hawkesford MJ. Spatiotemporal expression patterns of wheat amino acid transporters reveal their putative roles in nitrogen transport and responses to abiotic stress. Sci Rep. 2017 Jul 14;7(1):5461. doi: 10.1038/s41598-017-04473-3. PMID: 28710348; PMCID: PMC5511167.        

Qiao F, Kong LA, Peng H, Huang WK, Wu DQ, Liu SM, Clarke JL, Qiu DW, Peng DL. Transcriptional profiling of wheat (Triticum aestivum L.) during a compatible interaction with the cereal cyst nematode Heterodera avenae. Sci Rep. 2019 Feb 18;9(1):2184. doi: 10.1038/s41598-018-37824-9. PMID: 30778126; PMCID: PMC6379437."
SJ03_315074803,J03,315074803,C/T,C,T,T,FHBSPKINC,C10_OLA_2021,1.14366305050453e-07,0.009469697,264,13.00989605,0.000916846,1.530251366,0,0,0,0,282,7,0,75,0,0,0.206043956,0.774725275,0.019230769,0,0,0,0,0,0,0,0,0.122252747,0,0.877747253,98.33333334,93.49102875,94.01625041,No Proximal Genes,,pentatricopeptide repeat-containing protein,T.aestivum,99%,90%,pentatricopeptide repeat (PPR) proteins are a large family of modular RNA-binding proteins which mediate several aspects of gene expression primarily in organelles but also in the nucleus. Involved in plant development and growth,"Sam Manna, An overview of pentatricopeptide repeat proteins and their applications, Biochimie, Volume 113, 2015, 93-99, ISSN 0300-9084, https://doi.org/10.1016/j.biochi.2015.04.004. 

Chen, L., Li, Yx., Li, C. et al. Genome-wide analysis of the pentatricopeptide repeat gene family in different maize genomes and its important role in kernel development. BMC Plant Biol 18, 366 (2018). https://doi.org/10.1186/s12870-018-1572-2"
SJ04_448435444,J04,448435444,C/G,C,G,G,FHBSPKINC,C10_OLA_2021,7.77049224607165e-07,0.357954545,264,-2.850722458,0.004983527,0,9,0,0,89,266,0,0,0,0,0,0,0.730769231,0,0,0,0,0.024725275,0.244505495,0,0,0,0,0.146978022,0.853021978,96.26262625,95.10077102,93.53244337,Thintv31081828m.g,Uncharacterized,No Significant Hits,,,,,
SS02_161844379,S02,161844379,A/G,A,G,G,FHBSPKINC,C10_OLA_2021,5.48034591571385e-09,0.009469697,264,17.97770534,5.85794174930653e-05,0,8,42,314,0,0,0,0,0,0,0,0,0,0,0,0.862637363,0.115384615,0.021978022,0,0,0,0.92032967,0,0.07967033,0,97.77777777,92.61970173,94.04725709,Thintv31180063m.g,NPH3 family,No Significant Hits,,,,"plasma-membrane associated protein, NON-PHOTOTROPIC HYPOCOTYL 3 (NPH3) is a key determinant of phototropic growth and are phosphorylation targets for plant AGC kinases. Phototropism allows plants to re-orientate shoot growth towards a directional light source, which promotes light capture and early seedling growth","Sullivan, S., Waksman, T., Paliogianni, D. et al. Regulation of plant phototropic growth by NPH3/RPT2-like substrate phosphorylation and 14-3-3 binding. Nat Commun 12, 6129 (2021). https://doi.org/10.1038/s41467-021-26333-5"
SV02_452036252,V02,452036252,T/G,T,G,G,FHBSPKINC,C10_OLA_2021,2.56001375615302e-09,0.005681818,264,16.86335796,4.10459805592795e-05,3.52973082611392e-08,102,0,0,0,0,108,154,0,0,0,0,0,0.296703297,0,0,0,0.28021978,0,0,0.423076923,0,0.508241758,0.491758242,0,95.97093382,93.21067325,93.33325211,Thintv31316313m.g,aquaporin major intrinsic protein family transport activity,No Significant Hits,,,,facilitators of water movement through plant cell membranes,"Pandey B, Sharma P, Pandey DM, Sharma I, Chatrath R. Identification of new aquaporin genes and single nucleotide polymorphism in bread wheat. Evol Bioinform Online. 2013 Nov 3;9:437-52. doi: 10.4137/EBO.S12568. PMID: 24250219; PMCID: PMC3825567."
SJ07_668224534,J07,668224534,G/A,G,A,A,FHBSPKINC,C10_OLA_2022,8.5049598312854e-07,0.012944984,309,29.76737912,0.012036504,5.522579382,336,24,4,0,0,0,0,0,0,0,0,0,0,0,0.010989011,0.065934066,0.923076923,0,0,0,0.043956044,0,0.956043956,0,63.19444445,82.18110983,78.71549274,,,,,,,,
SV02_548956709,V02,548956709,C/G,G,C,G,FHBSPKINC,C10_OLA_2022,3.4560559441404e-08,0.019417476,309,26.94059235,0.001108253,0,15,0,0,27,322,0,0,0,0,0,0,0.884615385,0,0,0,0,0.041208791,0.074175824,0,0,0,0,0.078296703,0.921703297,86.07142857,82.86832486,78.15157527,,,,,,,,
SV06_12880934,V06,12880934,C/A,C,A,A,FHBSPKINC,C10_OLA_2022,1.12775255804202e-06,0.215210356,309,6.766855218,0.012036504,0,0,0,1,0,358,0,0,0,0,5,0,0.983516484,0,0,0.002747253,0,0,0,0.013736264,0,0.009615385,0,0,0.990384615,58.33333333,73.42857143,78.95104719,,,,,,,,
SV06_433049091,V06,433049091,A/T,T,A,T,FHBSPKINC,C10_OLA_2022,1.50141946420837e-06,0.046925566,309,15.16303298,0.012036504,0,0,0,302,0,0,4,0,0,58,0,0,0,0.010989011,0.159340659,0.82967033,0,0,0,0,0,0.909340659,0.090659341,0,0,82.78846154,76.29631599,79.19948045,,,,,,,,
SJ02_550994220,J02,550994220,G/A,G,A,A,FHBZEA,C10_OLA_2022,1.45252024847863e-06,0.089285714,280,-0.191558957,0.009315593,NA,352,8,4,0,0,0,0,0,0,0,0,0,0,0,0.010989011,0.021978022,0.967032967,0,0,0,0.021978022,0,0.978021978,0,0.1,0.44,0.323247232,,,,,,,,
SS03_451590681,S03,451590681,T/A,A,T,A,FHBZEA,C10_OLA_2022,1.37357389116466e-10,0.041071429,280,-0.38917644,1.10115984919943e-06,1.57822199,0,0,3,0,0,315,0,0,46,0,0,0,0.865384615,0.126373626,0.008241758,0,0,0,0,0,0.071428571,0.928571429,0,0,0.1,0.431428571,0.308230453,,,,,,,,
SS04_336690977,S04,336690977,A/G,A,G,G,FHBZEA,C10_OLA_2022,9.52656070493992e-12,0.001785714,280,-2.539976569,1.01829407375103e-07,0,3,171,190,0,0,0,0,0,0,0,0,0,0,0,0.521978022,0.46978022,0.008241758,0,0,0,0.756868132,0,0.243131868,0,0.466666667,0.290225564,0.348611111,,,,,,,,
SS06_32856422,S06,32856422,G/A,G,A,A,FHBZEA,C10_OLA_2022,1.72754399745626e-15,0.001785714,280,-2.836922671,2.7698576683215e-11,0.21360227,353,10,1,0,0,0,0,0,0,0,0,0,0,0,0.002747253,0.027472527,0.96978022,0,0,0,0.016483516,0,0.983516484,0,0,0.466666667,0.318518519,,,,,,,,
SV06_429405425,V06,429405425,C/T,C,T,T,FHBZEA,C10_OLA_2022,2.82481968925052e-37,0.001785714,280,-9.510403385,9.05834929751963e-33,55.20578228,0,0,0,0,364,0,0,0,0,0,0,1,0,0,0,0,0,0,0,0,0,0,0,1,NA,NA,0.322142857,,,,,,,,
SJ05_552460009,J05,552460009,C/T,C,T,T,FHBZEA,C10_SAL_2022,1.294340066815e-56,0.001552795,322,-2.677454668,4.15056029225568e-52,0,0,0,0,0,349,4,0,4,0,0,0.011204482,0.977591036,0.011204482,0,0,0,0,0,0,0,0,0.016806723,0,0.983193277,0.025,0.2,0.046666667,Thintv31106407m.g,"Ring finger domain, Anaphase-promoting complex (APC), subunit 11",RING-H2 finger protein ATL2-like,T.aestivum,100%,94.20%,mediate protein/protein interactions and are involved in protein complex assembly and protein recognition and degradation of specific proteins during the early stages of pathogen attack,"Salinas-Mondragón, R.E., Garcidueñas-Piña, C. & Guzmán, P. Early elicitor induction in members of a novel multigene family coding for highly related RING-H2 proteins in Arabidopsis thaliana. Plant Mol Biol 40, 579–590 (1999). https://doi.org/10.1023/A:1006267201855"
SS03_165935726,S03,165935726,C/T,C,T,T,FHBZEA,C10_SAL_2022,1.40628904047776e-14,0.02484472,322,0.851633019,6.44221009442862e-11,3.604557652,0,0,0,0,305,0,0,52,0,0,0.145658263,0.854341737,0,0,0,0,0,0,0,0,0,0.072829132,0,0.927170868,NA,0.033333333,0.050364964,Thintv31200293m.g,DUF761-associated sequence motif,Uncharactrized,T.aestivum,99%,96.50%,"domain of unknown function (DUF) DUF761-1 overexpression was associated with altered leaf and root morphology, inhibition of inflorescence stem elongation and thickening, defects in flower development, reduced seed production, and exhibited constitutively activated plant defense responses and displayed enhanced resistance to Pseudomonas syringae L. pv. tomato DC3000 during pathogen infection assays.","Zhang, Yao & Zhang, Fan & Huang, Xiaozhen. (2019). Characterization of an Arabidopsis thaliana DUF761-containing protein with a potential role in development and defense responses. Theoretical and Experimental Plant Physiology. 31. 10.1007/s40626-019-00146-w. "
SS03_316869342,S03,316869342,G/T,G,T,T,FHBZEA,C10_SAL_2022,1.38725348355944e-14,0.027950311,322,-0.024322571,6.44221009442862e-11,0.981903502,337,0,0,0,0,3,17,0,0,0,0,0,0.008403361,0,0,0,0.943977591,0,0,0.047619048,0,0.032212885,0.967787115,0,0,0.028571429,0.049180328,Thintv31204757m.g,"Glycosyl hydrolases family 18, Chitinase,carbohydrate metabolic process",No Significant Hits,,,,"Glycoside hydrolase family 18 (GH18) chitinases, which catalyze the biodegradation of _-1,4 glycosidic bond in amino polysaccharides via a substrate-assisted retention mechanism, are widely distributed in nature and have diverse functions including tissue degradation and remodeling, nutrition uptake, invasion and pathogenesis as well as immune response regulation. ","Wei Chen, Xi Jiang, Qing Yang, Glycoside hydrolase family 18 chitinases: The known and the unknown, Biotechnology Advances, Volume 43, 2020, 107553, ISSN 0734-9750, https://doi.org/10.1016/j.biotechadv.2020.107553."
SS03_316869348,S03,316869348,T/G,T,G,G,FHBZEA,C10_SAL_2022,1.40628892228966e-14,0.023291925,322,0.851633021,6.44221009442862e-11,5.35970146244041e-06,1,0,0,0,0,343,13,0,0,0,0,0,0.960784314,0,0,0,0.00280112,0,0,0.036414566,0,0.978991597,0.021008403,0,0,0.016666667,0.049190939,Thintv31204757m.g,"Glycosyl hydrolases family 18, Chitinase,carbohydrate metabolic process",No Significant Hits,,,,"Glycoside hydrolase family 18 (GH18) chitinases, which catalyze the biodegradation of _-1,4 glycosidic bond in amino polysaccharides via a substrate-assisted retention mechanism, are widely distributed in nature and have diverse functions including tissue degradation and remodeling, nutrition uptake, invasion and pathogenesis as well as immune response regulation. ","Wei Chen, Xi Jiang, Qing Yang, Glycoside hydrolase family 18 chitinases: The known and the unknown, Biotechnology Advances, Volume 43, 2020, 107553, ISSN 0734-9750, https://doi.org/10.1016/j.biotechadv.2020.107553."
SS03_343702896,S03,343702896,C/A,C,A,A,FHBZEA,C10_SAL_2022,3.7556314914444e-07,0.001552795,322,-0.395418425,0.001094835,0,0,0,5,0,287,0,0,0,0,65,0,0.803921569,0,0,0.014005602,0,0,0,0.182072829,0,0.105042017,0,0,0.894957983,0,0.044262295,0.049416342,,,,,,,,
SS07_61086311,S07,61086311,G/C,G,C,C,FHBZEA,C10_SAL_2022,1.17722868464326e-12,0.023291925,322,0.315278667,4.71877402880693e-09,1.010108315,303,0,0,53,1,0,0,0,0,0,0,0.00280112,0,0,0,0,0.848739496,0.148459384,0,0,0,0,0.922969188,0.077030812,0,0.048837209,0.047841727,Thintv31268457m.g,ATP-dependent CLP protease ATP-binding subunit ClpB,Chaperone protin CLPB1,T.aestivum,100%,95.02%,AAA+ motor proteins repair or remove damaged or unneeded proteins. ClpB rescues damaged proteins from toxic aggregates by recognizing and disrupting protein aggregates in vivo. ClpB1 may perform critical regulatory functions during or following heat stress,"Duran Elizabeth C. , Weaver Clarissa L. , Lucius Aaron L. Comparative Analysis of the Structure and Function of AAA+ Motors ClpA, ClpB, and Hsp104: Common Threads and Disparate Functions. Frontiers in Molecular Biosciences. VOLUME 4. 2017. https://www.frontiersin.org/journals/molecular-biosciences/articles/10.3389/fmolb.2017.00054. DOI=10.3389/fmolb.2017.00054. ISSN=2296-889X        

Yufeng Zhang, Hongyao Lou, Dandan Guo, Ruiqi Zhang, Meng Su, Zhenghong Hou, Haiying Zhou, Rongqi Liang, Chaojie Xie, Mingshan You, Baoyun Li, Identifying changes in the wheat kernel proteome under heat stress using iTRAQ, The Crop Journal, Volume 6, Issue 6, 2018, Pages 600-610, ISSN 2214-5141, https://doi.org/10.1016/j.cj.2018.04.003.  "
SS07_65302073,S07,65302073,C/T,C,T,T,FHBZEA,C10_SAL_2022,3.43214051074023e-23,0.02173913,322,1.328887136,2.75146124394767e-19,0,0,0,0,0,357,0,0,0,0,0,0,1,0,0,0,0,0,0,0,0,0,0,0,1,NA,NA,0.047826087,,,,,,,,
SS07_65547475,S07,65547475,C/T,C,T,T,FHBZEA,C10_SAL_2022,3.43214051074023e-23,0.02173913,322,1.328887136,2.75146124394767e-19,0,0,0,0,0,346,0,0,11,0,0,0.030812325,0.969187675,0,0,0,0,0,0,0,0,0,0.015406162,0,0.984593838,NA,0.018181818,0.048874598,Thintv31268670m.g,"Aspartyl protease endopeptidase activity,Nepenthesin,Xylanase inhibitor N-terminal/C-terminal",No Significant Hits,,,,"Nepenthesins are aspartic proteases (APs) mostly known from the pitcher fluid of the carnivorous plant Nepenthes but are also widely distributed within the plant kingdom and play significant roles in other plant species. Biological roles include hydrolyzing insect protein and availing the nitrogen for assimilation by the plant, reduces the activity of fungal phytases, enzymes that dephosphorylate the phytic acid substrate, suppresses biomass accumulation and 15-acetyldeoxynivalenol (15ADON) mycotoxin production from different strains of Fusarium graminearum, represses the expression of trichothecene (TRI) biosynthesis and regulatory genes in F. graminearum. Xylanase inhibitor N-terminal and C-terminal domains form a lobe and create the catalytic pocket of napenthesin A1 protease domain","Bekalu ZE, Dionisio G, Brinch-Pedersen AH. Molecular Properties and New Potentials of Plant Nepenthesins. Plants (Basel). 2020 Apr 29;9(5):570. doi: 10.3390/plants9050570. PMID: 32365700; PMCID: PMC7284499."
SS07_67144799,S07,67144799,G/T,T,G,T,FHBZEA,C10_SAL_2022,3.23804376312639e-25,0.023291925,322,-0.085503512,5.1917174676087e-21,0,334,0,0,0,0,3,20,0,0,0,0,0,0.008403361,0,0,0,0.93557423,0,0,0.056022409,0,0.036414566,0.963585434,0,0,0.038888889,0.048675497,Thintv31268736m.g,Pectate lyase,No Significant Hits,,,,PLs are an important part of a cocktail of enzymes controlling cell wall remodelling in a wide range of plant developmental processes.,"Selman Uluisik, Graham B. Seymour, Pectate lyases: Their role in plants and importance in fruit ripening, Food Chemistry, Volume 309, 2020, 125559, ISSN 0308-8146, https://doi.org/10.1016/j.foodchem.2019.125559. (https://www.sciencedirect.com/science/article/pii/S0308814619316838)"
SV03_110712558,V03,110712558,C/T,C,T,T,FHBZEA,C10_SAL_2022,4.79718669454985e-08,0.004658385,322,0.045850014,0.000170924,0,0,0,0,0,271,4,0,82,0,0,0.229691877,0.759103641,0.011204482,0,0,0,0,0,0,0,0,0.12605042,0,0.87394958,0.075,0.047297297,0.047540984,,,,,,,,
SV05_45545812,V05,45545812,G/A,G,A,A,FHBZEA,C10_SAL_2022,1.94290783036183e-07,0.00310559,322,-0.273130049,0.000623032,0,326,31,0,0,0,0,0,0,0,0,0,0,0,0,0,0.086834734,0.913165266,0,0,0,0.043417367,0,0.956582633,0,NA,0.040740741,0.048474576,,,,,,,,
SS07_402885068,S07,402885068,C/T,T,C,T,GLBLSEV,C07_SAL_2019,1.25044883073344e-07,0.061576355,406,-1.547842318,0.004009814,0,0,0,0,0,264,13,0,152,0,0,0.354312354,0.615384615,0.03030303,0,0,0,0,0,0,0,0,0.207459207,0,0.792540793,3.384615385,2.659574468,2.563492063,Thintv31282890m.g,UnIdentified,No Significant Hits,,,,,
SJ03_53540326,J03,53540326,T/G,T,G,G,GLBLSEV,C10_SAL_2021,6.42908043518302e-08,0.009803922,306,15.36924835,0.000146745,2.00940380775874e-08,34,0,0,0,0,175,148,0,0,0,0,0,0.490196078,0,0,0,0.095238095,0,0,0.414565826,0,0.697478992,0.302521008,0,1.28125,0.828125,0.794520548,,,,,,,,
SJ03_74519901,J03,74519901,C/G,C,G,G,GLBLSEV,C10_SAL_2021,2.07319028031545e-08,0.011437908,306,-0.952965319,7.38677696876396e-05,93.66008719,8,0,0,266,83,0,0,0,0,0,0,0.232492997,0,0,0,0,0.022408964,0.745098039,0,0,0,0,0.394957983,0.605042017,0.285714286,0.685840708,1.452054795,Thintv31048802m.g,DUF761-associated sequence motif,serine-rich adhesin for platelets-like,T.aestivum,100%,97.55%,"domain of unknown function (DUF) DUF761-1 overexpression was associated with altered leaf and root morphology, inhibition of inflorescence stem elongation and thickening, defects in flower development, reduced seed production, and exhibited constitutively activated plant defense responses and displayed enhanced resistance to Pseudomonas syringae L. pv. tomato DC3000 during pathogen infection assays.","Zhang, Yao & Zhang, Fan & Huang, Xiaozhen. (2019). Characterization of an Arabidopsis thaliana DUF761-containing protein with a potential role in development and defense responses. Theoretical and Experimental Plant Physiology. 31. 10.1007/s40626-019-00146-w. "
SJ03_86552629,J03,86552629,C/T,C,T,T,GLBLSEV,C10_SAL_2021,6.86430696574069e-08,0.011437908,306,7.676223879,0.000146745,9.04650076369123e-08,0,0,0,0,293,8,0,56,0,0,0.156862745,0.820728291,0.022408964,0,0,0,0,0,0,0,0,0.100840336,0,0.899159664,0.285714286,1,0.846774194,,,,,,,,
SJ05_132350274,J05,132350274,A/T,A,T,T,GLBLSEV,C10_SAL_2021,1.65913875296118e-15,0.02124183,306,-1.714483845,1.33009005978015e-11,0,0,0,213,0,0,0,0,0,144,0,0,0,0,0.403361345,0.596638655,0,0,0,0,0,0.798319328,0.201680672,0,0,NA,0.902439024,0.830601093,Thintv31090184m.g,solute carrier family 32 (vesicular inhibitory amino acid transporter),No Significant Hits,,,,SLCs are transmembrane transporters. The SLC32 family comprises a single member: the vesicular inhibitory amino acid transporter (VIAAT) or vesicular GABA transporter (VGAT). It belongs to a eukaryotic-specific superfamily of H+-coupled amino acid transporters known as the amino acid/auxin permease superfamily. ,"Gasnier, B. The SLC32 transporter, a key protein for the synaptic release of inhibitory amino acids.Pflugers Arch - Eur J Physiol 447, 756–759 (2004). https://doi.org/10.1007/s00424-003-1091-2"
SJ05_136045713,J05,136045713,C/T,C,T,T,GLBLSEV,C10_SAL_2021,1.35068514228429e-12,0.017973856,306,11.11184898,7.21873674293838e-09,2.41872377473041e-08,0,0,0,0,239,26,0,92,0,0,0.257703081,0.669467787,0.072829132,0,0,0,0,0,0,0,0,0.201680672,0,0.798319328,1.105263158,1.047058824,0.757425743,Thintv31090273m.g,"Dof domain, zinc finger; regulation of transcription",dof zinc finger protein DOF5.1-like,T.aestivum,100%,99.50%,"primarily involved in seed development, dormancy and germination, as well as in seedling development and other light-mediated processes. plant growth, differentiation, seed development and germination as well as their response to biotic and abiotic stresses","Ruta V, Longo C, Lepri A, De Angelis V, Occhigrossi S, Costantino P, Vittorioso P. The DOF Transcription Factors in Seed and Seedling Development. Plants. 2020; 9(2):218. https://doi.org/10.3390/plants9020218        

Habib, Z. 2022. DNA-binding One Zinc Finger (DOF) transcription factors in Vigna species: A Review. Phytopathogenomics and Disease Control 1:37-54."
SJ05_372257862,J05,372257862,T/C,T,C,C,GLBLSEV,C10_SAL_2021,1.81324484850205e-12,0.003267974,306,-4.945524832,8.3064746509879e-09,0.000366449,0,0,0,0,0,284,0,73,0,0,0.204481793,0,0.795518207,0,0,0,0,0,0,0,0,0.897759104,0,0.102240896,NA,1.580645161,0.676229508,No Proximal Genes,,Uncharacterized,T.aestivum,94%,97.37%,,
SJ07_137924226,J07,137924226,C/T,C,T,T,GLBLSEV,C10_SAL_2021,1.03191967355838e-07,0.006535948,306,-3.611071258,0.000206816,9.07003979025722e-06,0,0,0,0,109,85,0,163,0,0,0.456582633,0.305322129,0.238095238,0,0,0,0,0,0,0,0,0.466386555,0,0.533613445,1.231884058,0.528571429,1.072164948,Thintv31136654m.g,RNA-binding protein,zinc finger CCCH domain-containing protein 40-like,T.aestivum,100%,95.07%,"C2H2-type or CCCC-type, named after the configuration of cysteine (C) and histidine (H); the less-common CCCH zinc-finger proteins are important in the regulation of plant stress responses. Many plant CCCH-type ZFPs also work as RNA-binding proteins. These interact with target RNA taking part in different aspects of growth and development","Han G, Qiao Z, Li Y, Wang C, Wang B. The Roles of CCCH Zinc-Finger Proteins in Plant Abiotic Stress Tolerance. Int J Mol Sci. 2021 Aug 3;22(15):8327. doi: 10.3390/ijms22158327. PMID: 34361093; PMCID: PMC8347928.        

Ali Noman, Muhammad Aqeel, Noreen Khalid, Waqar Islam, Tayyaba Sanaullah, Muhammad Anwar, Shahbaz Khan, Wenfeng Ye, Yonggen Lou, Zinc finger protein transcription factors: Integrated line of action for plant antimicrobial activity, Microbial Pathogenesis, Volume 132, 2019, Pages 141-149, ISSN 0882-4010, https://doi.org/10.1016/j.micpath.2019.04.042.        "
SS03_373045769,S03,373045769,G/T,G,T,T,GLBLSEV,C10_SAL_2021,7.50955043104886e-38,0.001633987,306,-19.83809062,2.40808753672444e-33,0,325,0,0,0,0,1,31,0,0,0,0,0,0.00280112,0,0,0,0.910364146,0,0,0.086834734,0,0.046218487,0.953781513,0,0,1.444444444,0.805755396,,,,,,,,
SS05_310863315,S05,310863315,A/T,T,A,T,GLBLSEV,C10_SAL_2021,1.26002500138635e-12,0.003267974,306,-4.977088287,7.21873674293838e-09,0.000235347,0,0,223,0,0,22,0,0,112,0,0,0,0.06162465,0.31372549,0.62464986,0,0,0,0,0,0.781512605,0.218487395,0,0,0.666666667,0.978723404,0.819587629,Thintv31236084m.g,Cysteamine dioxygenase,No Significant Hits,,,,Cysteamine dioxygenase is a N-terminal cysteinyl dioxygenases (NCOs) which regulates the stability of certain Cys-initiating proteins in an O2-sensitive manner,"Gunawardana, D.M., Heathcote, K.C. and Flashman, E. (2022), Emerging roles for thiol dioxygenases as oxygen sensors. FEBS J, 289: 5426-5439. https://doi.org/10.1111/febs.16147"
SS06_272394531,S06,272394531,C/T,T,C,T,GLBLSEV,C10_SAL_2021,6.42908067995739e-08,0.008169935,306,15.36924831,0.000146745,2.23459452659178e-08,0,0,0,0,207,22,0,128,0,0,0.358543417,0.579831933,0.06162465,0,0,0,0,0,0,0,0,0.240896359,0,0.759103641,3.117647059,0.954954955,0.584269663,Thintv31259117m.g,Pentatricopeptide repeat domain,"pentatricopeptide repeat-containing protein At1g77360, mitochondrial-like",T.aestivum,100%,97.51%,pentatricopeptide repeat (PPR) proteins are a large family of modular RNA-binding proteins which mediate several aspects of gene expression primarily in organelles but also in the nucleus. Involved in plant development and growth,"Sam Manna, An overview of pentatricopeptide repeat proteins and their applications, Biochimie, Volume 113, 2015, 93-99, ISSN 0300-9084, https://doi.org/10.1016/j.biochi.2015.04.004.        

Chen, L., Li, Yx., Li, C. et al. Genome-wide analysis of the pentatricopeptide repeat gene family in different maize genomes and its important role in kernel development. BMC Plant Biol 18, 366 (2018). https://doi.org/10.1186/s12870-018-1572-2        "
SS06_273159799,S06,273159799,C/T,C,T,T,GLBLSEV,C10_SAL_2021,8.18218912286111e-09,0.009803922,306,-1.39550841,3.27972823253484e-05,0,0,0,0,0,353,0,0,4,0,0,0.011204482,0.988795518,0,0,0,0,0,0,0,0,0,0.005602241,0,0.994397759,NA,0.5,0.864238411,,,,,,,,
SS06_273449073,S06,273449073,T/A,A,T,A,GLBLSEV,C10_SAL_2021,6.42908144598853e-08,0.006535948,306,7.684624095,0.000146745,0,0,0,0,0,0,354,0,0,3,0,0,0,0.991596639,0.008403361,0,0,0,0,0,0,0.004201681,0.995798319,0,0,NA,2.5,0.848684211,No Proximal Genes,,UDP-glycosyltransferase 92A1-like,Hordeum vulgare subsp.vulgare,100%,93.03%,"Self-incompatibility (SI), flavonoid biosynthesis pathway","He Y, Song Q, Wu Y, Ye S, Chen S, Chen H. TMT-Based Quantitative Proteomic Analysis Reveals the Crucial Biological Pathways Involved in Self-Incompatibility Responses in Camellia oleifera. International Journal of Molecular Sciences. 2020; 21(6):1987. https://doi.org/10.3390/ijms21061987

Chen X, Tao Y, Ali A, Zhuang Z, Guo D, Guo Q, Riaz A, Zhang H, Xu P, Liao Y, et al. Transcriptome and Proteome Profiling of Different Colored Rice Reveals Physiological Dynamics Involved in the Flavonoid Pathway. International Journal of Molecular Sciences. 2019; 20(10):2463. https://doi.org/10.3390/ijms20102463"
SS07_352707146,S07,352707146,G/T,G,T,T,GLBLSEV,C10_SAL_2021,6.61261409663732e-08,0.006535948,306,-2.689470271,0.000146745,0.104552468,141,0,0,0,0,52,164,0,0,0,0,0,0.145658263,0,0,0,0.394957983,0,0,0.459383754,0,0.37535014,0.62464986,0,0.291666667,1.028169014,0.887931034,Thintv31280090m.g,"Glycosyl hydrolase family 1, Beta-glucosidase, lactase phlorizinhydrolase",No Significant Hits,,,,"carbohydrate metabolic process, hydrolase activity, hydrolyzing O-glycosyl compounds. Glycosyl hydrolase family 1 B-glucosidase involved in response to biotic and abiotic stresses, defense against herbivores, activation of phytohormones, lignification, and cell wall remodeling.","Opassiri, R., Pomthong, B., Onkoksoong, T. et al. Analysis of rice glycosyl hydrolase family 1 and expression of Os4bglu12 _-glucosidase. BMC Plant Biol 6, 33 (2006). https://doi.org/10.1186/1471-2229-6-33"
SS07_352709134,S07,352709134,G/A,G,A,A,GLBLSEV,C10_SAL_2021,5.86779755982528e-08,0.008169935,306,0.204487445,0.000146745,0,291,48,18,0,0,0,0,0,0,0,0,0,0,0,0.050420168,0.134453782,0.81512605,0,0,0,0.117647059,0,0.882352941,0,0.294117647,0.738095238,0.91902834,Thint.S07G456600 (PAC:55835233),"SH3 type barrels, ribosomal protein L24","PREDICTED: Triticum aestivum 50S ribosomal protein L24, chloroplastic (LOC123164951), mRNA",Triticum aestivum,100%,96.02%,translation,
SV01_171715235,V01,171715235,C/T,T,C,T,GLBLSEV,C10_SAL_2021,7.12192622928321e-32,0.001633987,306,-19.38468639,1.14189404197212e-27,0.000106766,0,0,0,0,220,50,0,87,0,0,0.243697479,0.616246499,0.140056022,0,0,0,0,0,0,0,0,0.261904762,0,0.738095238,1.340425532,1.126760563,0.638297872,,,,,,,,
SV04_112867423,V04,112867423,C/G,C,G,G,GLBLSEV,C10_SAL_2021,1.53050577400165e-27,0.001633987,306,-22.39664093,1.63595762183037e-23,2.26642292971832e-07,77,0,0,119,161,0,0,0,0,0,0,0.450980392,0,0,0,0,0.215686275,0.333333333,0,0,0,0,0.382352941,0.617647059,0.609375,1,0.873239437,,,,,,,,
SV07_13367865,V07,13367865,G/T,T,G,T,GLBLSEV,C10_SAL_2021,1.80436010561323e-07,0.014705882,306,-2.161175541,0.000340355,0,247,0,0,0,0,19,91,0,0,0,0,0,0.053221289,0,0,0,0.691876751,0,0,0.254901961,0,0.180672269,0.819327731,0,1.666666667,0.506329114,0.933962264,,,,,,,,
SV07_30709054,V07,30709054,A/T,A,T,T,GLBLSEV,C10_SAL_2021,9.79139270897421e-07,0.088235294,306,-0.778048112,0.001744337,1.53180871900601e-07,0,0,312,0,0,6,0,0,39,0,0,0,0.016806723,0.109243697,0.87394958,0,0,0,0,0,0.928571429,0.071428571,0,0,2.5,0.8,0.82962963,,,,,,,,
SJ02_627219003,J02,627219003,A/G,G,A,G,HDANG,C07_SAL_2018,1.17867596661602e-08,0.00477327,419,-0.466020149,0.000140212,82.63022806,0,81,348,0,0,0,0,0,0,0,0,0,0,0,0.811188811,0.188811189,0,0,0,0,0.905594406,0,0.094405594,0,NA,0.196202532,0.121470588,No Proximal Genes,,Uncharacterized,T.aestivum,100%,92.65%,,
SJ05_468911509,J05,468911509,C/G,C,G,G,HDANG,C07_SAL_2018,1.43968653284414e-07,0.081145585,419,-0.123244879,0.00076944,0,8,0,0,161,260,0,0,0,0,0,0,0.606060606,0,0,0,0,0.018648019,0.375291375,0,0,0,0,0.206293706,0.793706294,0.228571429,0.15620915,0.120849421,Thintv31101682m.g,Isoflavone 2'-hydroxylase,cytochrome P450 81Q32-like,T.aestivum,100%,97.01%,"The isoflavone-2'-hydroxylase (I2'H) catalyzes a critical step in the isoflavonoid biosynthesis towards pterocarpan phytoalexins. The enzyme has been characterized as a cytochrome P450 dependent monooxygenase. Phytoalexins are antimicrobial compounds biosynthesized de novo by plants in response to diverse forms of stress, including microbial attack. ","https://biocyc.org/META/NEW-IMAGE?type=ENZYME&object=MONOMER-6702

M. Shin, C. Umezawa, T. Shin, NATURAL ANTI-MICROBIAL SYSTEMS | Antimicrobial Compounds in Plants, Encyclopedia of Food Microbiology (Second Edition), Academic Press, 2014, 920-929, ISBN 9780123847331, https://doi.org/10.1016/B978-0-12-384730-0.00239-1."
SJ06_546958441,J06,546958441,G/T,G,T,T,HDANG,C07_SAL_2018,5.43556953546623e-08,0.275656325,419,-0.084651391,0.000435756,9.20089189569857e-07,183,0,0,0,0,68,178,0,0,0,0,0,0.158508159,0,0,0,0.426573427,0,0,0.414918415,0,0.365967366,0.634032634,0,0.144776119,0.151149425,0.116853933,No Proximal Genes,,disease resistance protein Pik-2,T.aestivum,100%,94.03%,rice blast resistance gene Pik encodes coiled-coil nucleotide binding site leucine-rich repeat (NBS-LRR) protein,"Zhai C, Lin F, Dong Z, He X, Yuan B, Zeng X, Wang L, Pan Q. The isolation and characterization of Pik, a rice blast resistance gene which emerged after rice domestication. New Phytol. 2011 Jan;189(1):321-34. doi: 10.1111/j.1469-8137.2010.03462.x. Epub 2010 Sep 23. PMID: 21118257."
SJ06_547551925,J06,547551925,C/A,C,A,A,HDANG,C07_SAL_2018,1.71481502481166e-09,0.205250597,419,-0.084833374,5.49889734006355e-05,0.13788158,0,0,1,0,416,0,0,0,0,12,0,0.96969697,0,0,0.002331002,0,0,0,0.027972028,0,0.016317016,0,0,0.983682984,0,0.083333333,0.137438424,,,,,,,,
SS04_75793122,S04,75793122,C/G,C,G,G,HDANG,C07_SAL_2018,9.86852813214994e-08,0.144391408,419,-0.092124011,0.000632908,0.108806687,11,0,0,82,336,0,0,0,0,0,0,0.783216783,0,0,0,0,0.025641026,0.191142191,0,0,0,0,0.121212121,0.878787879,0.18,0.136708861,0.133939394,Thintv31217125m.g,Uncharacterized,No Significant Hits,,,,,
SS07_384868013,S07,384868013,T/C,T,C,C,HDANG,C07_SAL_2018,1.31173697515878e-08,0.040572792,419,-0.16595068,0.000140212,0.556332083,0,0,0,0,0,422,0,7,0,0,0.016317016,0,0.983682984,0,0,0,0,0,0,0,0,0.991841492,0,0.008158508,NA,0.033333333,0.137046005,Thintv31281898m.g,Uncharacterized,Uncharacterized,T.aestivum,100%,88.24%,,
SJ01_222837735,J01,222837735,C/T,C,T,T,HDANG,C07_SAL_2019,5.02153005647545e-07,0.057783019,424,-0.011923787,0.004239585,0,0,0,0,0,380,1,0,48,0,0,0.111888112,0.885780886,0.002331002,0,0,0,0,0,0,0,0,0.058275058,0,0.941724942,0.217428571,0.195878375,0.183569418,Thintv31008243m.g,"E2F-like protein,Transcription Factor DP",No Significant Hits,,,,cell cycle progression,"Perrotta Lara , Giordo Roberta , Francis Dennis , Rogers Hilary J. , Albani Diego. Molecular Analysis of the E2F/DP Gene Family of Daucus carota and Involvement of the DcE2F1 Factor in Cell Proliferation. Frontiers in Plant Science. Volume 12. 2021. https://www.frontiersin.org/journals/plant-science/articles/10.3389/fpls.2021.652570. DOI: 10.3389/fpls.2021.652570. ISSN:1664-462X

Klaas Vandepoele, Kobe Vlieghe, Kobe Florquin, Lars Hennig, Gerrit T.S. Beemster, Wilhelm Gruissem, Yves Van de Peer, Dirk Inzé, Lieven De Veylder, Genome-Wide Identification of Potential Plant E2F Target Genes, Plant Physiology, Volume 139, Issue 1, September 2005, Pages 316–328, https://doi.org/10.1104/pp.105.066290"
SJ02_161464914,J02,161464914,C/G,C,G,G,HDANG,C07_SAL_2019,5.28840884367871e-07,0.058962264,424,0.011873531,0.004239585,0.947474684,25,0,0,146,258,0,0,0,0,0,0,0.601398601,0,0,0,0,0.058275058,0.34032634,0,0,0,0,0.228438228,0.771561772,0.18328681,0.188499616,0.183193696,,,,,,,,
SJ07_558194717,J07,558194717,G/C,G,C,C,HDANG,C07_SAL_2019,1.76856390581958e-35,0.001179245,424,-0.462925107,5.67125387679164e-31,0,333,0,0,66,30,0,0,0,0,0,0,0.06993007,0,0,0,0,0.776223776,0.153846154,0,0,0,0,0.853146853,0.146853147,0.187169582,0.184034201,0.185010647,,,,,,,,
SS01_223162383,S01,223162383,C/T,C,T,T,HDANG,C07_SAL_2019,2.47398385344526e-07,0.20990566,424,-0.006772118,0.003966662,0,0,0,0,0,258,31,0,140,0,0,0.326340326,0.601398601,0.072261072,0,0,0,0,0,0,0,0,0.235431235,0,0.764568765,0.179373048,0.18937302,0.183292593,,,,,,,,
SS01_288544736,S01,288544736,C/G,C,G,G,HDANG,C07_SAL_2019,1.41854739265612e-06,0.41509434,424,-0.005766319,0.007581427,0,0,0,0,28,401,0,0,0,0,0,0,0.934731935,0,0,0,0,0,0.065268065,0,0,0,0,0.032634033,0.967365967,NA,0.188114688,0.18479445,Thintv31166479m.g,NADPH oxidase,respiratory burst oxidase homolog protein B-like,T.aestivum,78%,94.94%,"NADPH oxidase is a multisubunit enzyme comprising membrane and cytosolic components, which actively communicate during the host responses to a wide variety of stimuli, including viral and bacterial infections. This enzymatic complex has been implicated in many functions ranging from host defense to cellular signaling and the regulation of gene expression. NADPH oxidase (NOX)-mediated release of ROS, also called oxidative burst, leads to the elimination of invading microorganisms in macrophages and neutrophils and thereby serves as an inflammatory mediator","Panday, A., Sahoo, M., Osorio, D. et al. NADPH oxidases: an overview from structure to innate immunity-associated pathologies. Cell Mol Immunol 12, 5–23 (2015). https://doi.org/10.1038/cmi.2014.89"
SS02_103469367,S02,103469367,A/G,G,A,G,HDANG,C07_SAL_2019,1.13308976259862e-06,0.074292453,424,0.00997185,0.007266958,0,1,38,390,0,0,0,0,0,0,0,0,0,0,0,0.909090909,0.088578089,0.002331002,0,0,0,0.953379953,0,0.046620047,0,0.222666667,0.184961893,0.184921131,Thintv31177365m.g,Ubiquitin activating enzyme,ubiquitin activating enzyme E1,T.aestivum,100%,97.51%,"ubiquitin activating enzyme (E1) couples ubiquitin activation to ATP hydrolysis as an initial step in the conjugation of multiple ubiquitins in the degradation of protiens. In addition to regulating photomorphogenesis by removing the active form of phytochrome A, ubiquitin degradation processes include meristem developement, vascular tissue differentiation, senescence, and the heat shock responce. ","Hatfield, P.M., Gosink, M.M., Carpenter, T.B. and Vierstra, R.D. (1997), The ubiquitin-activating enzyme (E1) gene family in Arabidopsis thaliana. The Plant Journal, 11: 213-226. https://doi.org/10.1046/j.1365-313X.1997.11020213.x"
SJ05_317782015,J05,317782015,G/A,G,A,A,HDANG,C07_SAL_2020,7.19297019311516e-07,0.291891892,370,0.103203959,0.023065698,7.542805493,138,270,21,0,0,0,0,0,0,0,0,0,0,0,0.048951049,0.629370629,0.321678322,0,0,0,0.363636364,0,0.636363636,0,0.621052632,0.666382979,0.670689655,,,,,,,,
SJ02_629468571,J02,629468571,T/C,T,C,C,HSATIVLSEV,C07_SAL_2019,3.93575739695235e-09,0.220518868,424,-3.589373286,0.000126208,0,0,0,0,0,13,309,0,107,0,0,0.249417249,0.03030303,0.72027972,0,0,0,0,0,0,0,0,0.844988345,0,0.155011655,5.307692308,11.07619048,8.767973856,,,,,,,,
SJ04_42387257,J04,42387257,G/A,G,A,A,HSATIVLSEV,C07_SAL_2019,6.76430789547936e-08,0.367924528,424,-2.444676298,0.001084555,2.319478955,415,9,5,0,0,0,0,0,0,0,0,0,0,0,0.011655012,0.020979021,0.967365967,0,0,0,0.022144522,0,0.977855478,0,4.8,4.555555556,9.390243902,,,,,,,,
SS03_71788959,S03,71788959,A/G,A,G,G,HSATIVLSEV,C07_SAL_2019,3.1930238964621e-07,0.27004717,424,-2.930765769,0.002960591,0,1,81,347,0,0,0,0,0,0,0,0,0,0,0,0.808857809,0.188811189,0.002331002,0,0,0,0.903263403,0,0.096736597,0,50,8.525,9.279883382,,,,,,,,
SS05_62913669,S05,62913669,A/C,A,C,C,HSATIVLSEV,C07_SAL_2019,1.22928054659772e-06,0.024764151,424,-7.396365553,0.007883868,0,0,0,383,0,8,0,0,0,0,38,0,0.018648019,0,0,0.892773893,0,0,0,0.088578089,0,0.937062937,0,0,0.062937063,4.875,7.605263158,9.489417989,,,,,,,,
SS07_308051477,S07,308051477,A/G,A,G,G,HSATIVLSEV,C07_SAL_2019,3.69300619830048e-07,0.206367925,424,-3.327935969,0.002960591,0,1,72,356,0,0,0,0,0,0,0,0,0,0,0,0.82983683,0.167832168,0.002331002,0,0,0,0.913752914,0,0.086247086,0,0,9.685714286,9.169971671,,,,,,,,
SJ03_84673435,J03,84673435,A/T,A,T,T,HSATIVLSEV,C07_SAL_2020,5.27639396985606e-09,0.001347709,371,-21.11268029,5.63993751437914e-05,0,0,0,274,0,0,6,0,0,149,0,0,0,0.013986014,0.347319347,0.638694639,0,0,0,0,0,0.812354312,0.187645688,0,0,2.4,4.174242424,3.333333333,,,,,,,,
SJ04_507780718,J04,507780718,G/A,G,A,A,HSATIVLSEV,C07_SAL_2020,9.66008616995549e-08,0.006738544,371,-7.571802053,0.00061954,0,420,9,0,0,0,0,0,0,0,0,0,0,0,0,0,0.020979021,0.979020979,0,0,0,0.01048951,0,0.98951049,0,NA,5.75,3.573002755,,,,,,,,
SJ05_478511163,J05,478511163,C/A,C,A,A,HSATIVLSEV,C07_SAL_2020,7.53671339926861e-08,0.001347709,371,-17.55284563,0.000604199,0,0,0,1,0,331,0,0,0,0,97,0,0.771561772,0,0,0.002331002,0,0,0,0.226107226,0,0.115384615,0,0,0.884615385,5,4.202247191,3.430604982,,,,,,,,
SJ06_541253677,J06,541253677,G/A,A,G,A,HSATIVLSEV,C07_SAL_2020,1.05031078680355e-06,0.001347709,371,-15.8703387,0.005613386,0,262,146,21,0,0,0,0,0,0,0,0,0,0,0,0.048951049,0.34032634,0.610722611,0,0,0,0.219114219,0,0.780885781,0,2.315789474,3.7734375,3.642857143,,,,,,,,
SV04_397784395,V04,397784395,G/T,G,T,T,HSATIVLSEV,C07_SAL_2020,1.71210531650031e-09,0.067385445,371,-3.063598597,2.74510405921077e-05,4.801963993,321,0,0,0,0,6,102,0,0,0,0,0,0.013986014,0,0,0,0.748251748,0,0,0.237762238,0,0.132867133,0.867132867,0,0.666666667,3.362637363,3.736462094,Thintv31352601m.g,Uncharacterized,No Significant Hits,,,,,
SV07_222819554,V07,222819554,T/A,T,A,A,HSATIVLSEV,C07_SAL_2020,5.82632423251679e-13,0.061994609,371,-4.025671702,1.86832739164116e-08,0.122663604,0,0,63,0,0,190,0,0,176,0,0,0,0.442890443,0.41025641,0.146853147,0,0,0,0,0,0.351981352,0.648018648,0,0,2.622641509,4.865384615,2.74691358,Thintv31398741m.g,H+/oligopeptide symporter,No Significant Hits,,,,"oligopeptide transporters (OPTs) are the egroup of proton-coupled symporters that play diverse roles in metal homeostasis, nitrogen mobilization, and sulfur distribution","Wang Chaohui , Wang Xueqin , Li Jinxiu , Guan Junhua , Tan Zengjing , Zhang Zheng , Shi Gangrong. Genome-Wide Identification and Transcript Analysis Reveal Potential Roles of Oligopeptide Transporter Genes in Iron Deficiency Induced Cadmium Accumulation in Peanut. Frontiers in Plant Science. VOLUME 13. 2022. https://www.frontiersin.org/journals/plant-science/articles/10.3389/fpls.2022.894848. DOI:10.3389/fpls.2022.894848. ISSN:1664-462X"
SJ05_303741566,J05,303741566,G/C,G,C,C,HSATIVLSEV,C10_OLA_2022,3.46203452296706e-08,0.194174757,309,-5.32329019,0.000555085,0,305,0,0,58,1,0,0,0,0,0,0,0.002747253,0,0,0,0,0.837912088,0.159340659,0,0,0,0,0.917582418,0.082417582,10,13.98,14.13565891,No Proximal Genes,,Uncharacterized,T.aestivum,100%,98.51%,,
SS05_120261602,S05,120261602,C/T,C,T,T,HSATIVLSEV,C10_OLA_2022,5.09899485058935e-10,0.006472492,309,-32.21487378,1.63509467873849e-05,0,0,0,0,0,231,17,0,116,0,0,0.318681319,0.634615385,0.046703297,0,0,0,0,0,0,0,0,0.206043956,0,0.793956044,11.6,14.78350515,13.94923858,No Proximal Genes,,Uncharacterized; gliadin-Ds; storage protien activator locus; cytosolic acetyle-CoA-carboxylate; magnesium transporter NIPA,T.aestivum,97%; 97%; 100%; 98%; 100%,88%; 87.56%; 80.3%; 80.1%; 77.78%,wheat gluten proteins ; Acetyl-CoA carboxylase (ACCase) directs the flow of carbon from photosynthesis to primary and secondary metabolites in plants; Mg transporters (MGTs) are involving in maintaining Mg homeostasis in cells,"Altenbach SB, Chang HC, Yu XB, Seabourn BW, Green PH, Alaedini A. Elimination of Omega-1,2 Gliadins From Bread Wheat (Triticum aestivum) Flour: Effects on Immunogenic Potential and End-Use Quality. Front Plant Sci. 2019 May 9;10:580. doi: 10.3389/fpls.2019.00580. PMID: 31143195; PMCID: PMC6521778.

Podkowinski J, Jelenska J, Sirikhachornkit A, Zuther E, Haselkorn R, Gornicki P. Expression of cytosolic and plastid acetyl-coenzyme A carboxylase genes in young wheat plants. Plant Physiol. 2003 Feb;131(2):763-72. doi: 10.1104/pp.013169. PMID: 12586900; PMCID: PMC166852.

Faraji, S., Ahmadizadeh, M. & Heidari, P. Genome-wide comparative analysis of Mg transporter gene family between Triticum turgidum and Camelina sativa. Biometals 34, 639–660 (2021). https://doi.org/10.1007/s10534-021-00301-4"
SJ03_497263053,J03,497263053,G/A,G,A,A,HSATIVLSEV,C10_SAL_2022,6.17812646642619e-09,0.007668712,326,-11.2670507,3.96227962797777e-05,0,335,22,0,0,0,0,0,0,0,0,0,0,0,0,0,0.06162465,0.93837535,0,0,0,0.030812325,0,0.969187675,0,NA,4.4,5.215686275,Thintv31061869m.g,Formin Homology 2 Domain; Rho GTPase effector BNI1,formin-like protein,T.aestivum,93%,98.94%,"Formin proteins are effectors of Rho GTPases. Possible mediators of coordination of the cortical actin and microtubule cytoskeletons, as well as their attachment to the plasma membrane, that is, aspects of cell cortex organization likely to be important for cell and tissue morphogenesis",Cvr_ková F. Formins: emerging players in the dynamic plant cell cortex. Scientifica (Cairo). 2012;2012:712605. doi: 10.6064/2012/712605. Epub 2012 Sep 26. PMID: 24278734; PMCID: PMC3820618.
SJ04_511030438,J04,511030438,C/A,C,A,A,HSATIVLSEV,C10_SAL_2022,1.85690661953352e-08,0.02607362,326,-5.344048223,9.92423742809692e-05,1.241525146,0,0,9,0,270,0,0,0,0,78,0,0.756302521,0,0,0.025210084,0,0,0,0.218487395,0,0.134453782,0,0,0.865546218,2.111111111,4.985915493,5.329268293,,,,,,,,
SS03_24005972,S03,24005972,A/C,A,C,C,HSATIVLSEV,C10_SAL_2022,6.0333207051033e-19,0.001533742,326,-59.19546524,1.93470495050548e-14,3.38717616,0,0,333,0,1,0,0,0,0,23,0,0.00280112,0,0,0.932773109,0,0,0,0.06442577,0,0.964985994,0,0,0.035014006,0,4.35,5.236065574,,,,,,,,
SS04_79130992,S04,79130992,T/C,C,T,C,HSATIVLSEV,C10_SAL_2022,4.52696229032788e-11,0.003067485,326,-21.62330779,4.83886999213147e-07,1.69308256078582e-07,0,0,0,0,103,162,0,92,0,0,0.257703081,0.288515406,0.453781513,0,0,0,0,0,0,0,0,0.582633053,0,0.417366947,4.621052632,5.421686747,5.371621622,Thintv31217291m.g,AMP-binding enzyme C-terminal domain;Acyl-CoA synthetase,4-coumarate--CoA ligase-like,T.aestivum,100%,96.02%,"Acetyl-coenzyme A (acetyl-CoA) is a central metabolic intermediate that modulates the balance of anabolism and catabolism by functioning as the fuel for energy generation or as the precursor of lipogenesis for energy storage. Acetyl-coenzyme A synthetase catalyzes the biosynthesis of acetyl-CoA from acetate, coenzyme A (CoA), and ATP. cAMP inhibits the activity of Salmonella enterica Acetyl-coenzyme A synthetase (SeAcs) by directly binding to the enzyme and competing against one of its substrates, ATP. The binding of cAMP increases SeAcs Lys609 acetylation, which further inhibits SeAcs activity. ","Xiaobiao Han, Liqiang Shen, Qijun Wang, Xufeng Cen, Jin Wang, Meng Wu, Peng Li, Wei Zhao, Yu Zhang, Guoping Zhao, Cyclic AMP Inhibits the Activity and Promotes the Acetylation of Acetyl-CoA Synthetase through Competitive Binding to the ATP/AMP Pocket, Journal of Biological Chemistry, Volume 292, Issue 4, 2017, Pages 1374-1384, ISSN 0021-9258, https://doi.org/10.1074/jbc.M116.753640."
SS05_134093949,S05,134093949,C/T,C,T,T,HSATIVLSEV,C10_SAL_2022,1.45767411686588e-10,0.003067485,326,-21.49562058,1.16858089763845e-06,0,0,0,0,0,76,46,0,235,0,0,0.658263305,0.212885154,0.128851541,0,0,0,0,0,0,0,0,0.457983193,0,0.542016807,3.641025641,5.474885845,5.044117647,Thintv31230471m.g,Dip2/Utp12 Family,WDD repeat-containing protein 43-like,T.aestivum,100%,95.52%,DOM34 INTERACTING PROTEIN 2 (DIP2/UTP12) ; WD repeats (WDRs) are known to serve as platforms for the assembly of protein complexes or mediators of transient interplay among other proteins. Key regulators of plant-specific developmental events. ,"van Nocker, S., Ludwig, P. The WD-repeat protein superfamily in Arabidopsis: conservation and divergence in structure and function. BMC Genomics 4, 50 (2003). https://doi.org/10.1186/1471-2164-4-50"
SS07_39851932,S07,39851932,G/A,A,G,A,HSATIVLSEV,C10_SAL_2022,3.33653068872099e-07,0.032208589,326,-5.230512449,0.001337407,2.8232613205941e-07,351,6,0,0,0,0,0,0,0,0,0,0,0,0,0,0.016806723,0.983193277,0,0,0,0.008403361,0,0.991596639,0,NA,2.8,5.202492212,,,,,,,,
SV05_523243129,V05,523243129,G/T,G,T,T,HSATIVLSEV,C10_SAL_2022,8.7863690876783e-15,0.001533742,326,-49.8005549,1.4087624876729e-10,0,287,0,0,0,0,1,69,0,0,0,0,0,0.00280112,0,0,0,0.803921569,0,0,0.193277311,0,0.099439776,0.900560224,0,5,5.650793651,5.049618321,Thintv31371137m.g,Uncharacterized,Uncharacterized,T.aestivum,100%,94.53%,,
SV06_385396770,V06,385396770,C/A,A,C,A,HSATIVLSEV,C10_SAL_2022,2.36054556711918e-07,0.240797546,326,-1.916472941,0.001081366,0,0,0,98,0,159,0,0,0,0,100,0,0.445378151,0,0,0.274509804,0,0,0,0.280112045,0,0.414565826,0,0,0.585434174,6.255555556,5.7,4.164383562,,,,,,,,
SV07_722317269,V07,722317269,T/C,C,T,C,HSATIVLSEV,C10_SAL_2022,6.05466085044026e-07,0.003067485,326,-15.72385991,0.002157276,0,0,0,0,0,21,210,0,126,0,0,0.352941176,0.058823529,0.588235294,0,0,0,0,0,0,0,0,0.764705882,0,0.235294118,3.315789474,4.658119658,5.663157895,No Proximal Genes,,"gamma gliadin-Bx,delta gliadin-Bx,omega gliadin-Bx",T.aestivum,100%,75.98%,wheat gluten proteins,"Altenbach SB, Chang HC, Yu XB, Seabourn BW, Green PH, Alaedini A. Elimination of Omega-1,2 Gliadins From Bread Wheat (Triticum aestivum) Flour: Effects on Immunogenic Potential and End-Use Quality. Front Plant Sci. 2019 May 9;10:580. doi: 10.3389/fpls.2019.00580. PMID: 31143195; PMCID: PMC6521778."
SJ07_60561704,J07,60561704,C/T,C,T,T,PTHT,C07_SAL_2018,8.22423829170307e-07,0.443127962,422,3.657393315,0.008790888,4.498864099,0,0,0,0,376,1,0,52,0,0,0.121212121,0.876456876,0.002331002,0,0,0,0,0,0,0,0,0.062937063,0,0.937062937,95,95.39215686,93.87837838,,,,,,,,
SS07_129127730,S07,129127730,A/G,A,G,G,PTHT,C07_SAL_2018,2.71117008596275e-08,0.414691943,422,3.609211104,0.000869391,0,20,44,365,0,0,0,0,0,0,0,0,0,0,0,0.850815851,0.102564103,0.046620047,0,0,0,0.902097902,0,0.097902098,0,92.75,92.09302326,94.37325905,,,,,,,,
SV04_405883624,V04,405883624,C/T,C,T,T,PTHT,C07_SAL_2018,5.97290296441234e-08,0.013033175,422,11.52435571,0.000957665,2.76095316536566e-08,0,0,0,0,266,7,0,156,0,0,0.363636364,0.62004662,0.016317016,0,0,0,0,0,0,0,0,0.198135198,0,0.801864802,93.57142857,95.51948052,93.2183908,,,,,,,,
SS01_260252102,S01,260252102,C/A,C,A,A,PTHT,C10_OLA_2022,8.45230366659287e-07,0.00483871,310,35.59126573,0.006776001,0,0,0,0,0,364,0,0,0,0,0,0,1,0,0,0,0,0,0,0,0,0,0,0,1,NA,NA,112.4870968,,,,,,,,
SV01_24192893,V01,24192893,G/A,G,A,A,PTHT,C10_OLA_2022,1.36478914327632e-10,0.001612903,310,93.65698659,4.37646934574418e-06,0,147,160,57,0,0,0,0,0,0,0,0,0,0,0,0.156593407,0.43956044,0.403846154,0,0,0,0.376373626,0,0.623626374,0,112.4528302,113.7669173,111.1290323,,,,,,,,
SV01_530680062,V01,530680062,G/C,G,C,C,PTHT,C10_OLA_2022,4.57989428075628e-07,0.025806452,310,17.22326178,0.004895449,0,287,0,0,35,42,0,0,0,0,0,0,0.115384615,0,0,0,0,0.788461538,0.096153846,0,0,0,0,0.836538462,0.163461538,110.1470588,120.3333333,111.8536585,,,,,,,,
SV06_388713790,V06,388713790,T/C,T,C,C,PTHT,C10_OLA_2022,6.37359664436614e-09,0.090322581,310,8.063364006,0.000102191,0,0,0,0,0,12,115,0,237,0,0,0.651098901,0.032967033,0.315934066,0,0,0,0,0,0,0,0,0.641483516,0,0.358516484,116.25,113.7871287,109.28125,Thintv31386772m.g,"F-box domain, protein binding",F-box protein,T.aestivum,91%,89.67%,"F-box proteins play regulatory roles in protein degradation through the proteolytic mechanism of multi-protein E3 ubiquitin ligase in response to cellular signals during plant development and growth, hormone responses, and biotic/abiotic stress responses. F-box family play specific roles in protein degradation by post-translational modification in several biological processes, including flowering, the regulation of circadian rhythms, photomorphogenesis, seed development, leaf senescence, and hormone signaling.","Hong MJ, Kim JB, Seo YW, Kim DY. F-Box Genes in the Wheat Genome and Expression Profiling in Wheat at Different Developmental Stages. Genes (Basel). 2020 Sep 30;11(10):1154. doi: 10.3390/genes11101154. PMID: 33007852; PMCID: PMC7650748."
SJ07_538240241,J07,538240241,C/T,T,C,T,PTHT,C10_SAL_2021,2.57788196268319e-07,0.364649682,314,6.542846889,0.002755498,0.521665969,0,0,0,0,348,1,0,8,0,0,0.022408964,0.974789916,0.00280112,0,0,0,0,0,0,0,0,0.014005602,0,0.985994398,118,110,110.7941176,,,,,,,,
SS02_167194150,S02,167194150,T/G,T,G,G,PTHT,C10_SAL_2021,4.61385965527135e-08,0.205414013,314,4.326461104,0.001479526,1.555578133,2,0,0,0,0,346,9,0,0,0,0,0,0.969187675,0,0,0,0.005602241,0,0,0.025210084,0,0.981792717,0.018207283,0,81,117.5714286,110.7418301,,,,,,,,
SS06_243762540,S06,243762540,T/A,A,T,A,PTHT,C10_SAL_2021,2.40461941376356e-07,0.192675159,314,-5.653385675,0.002755498,NA,0,0,68,0,0,133,0,0,156,0,0,0,0.37254902,0.43697479,0.19047619,0,0,0,0,0,0.408963585,0.591036415,0,0,112.8474576,111.6165414,108.9180328,,,,,,,,
SJ01_10162383,J01,10162383,C/G,C,G,G,SPKDEN,C07_SAL_2018,7.65634764747262e-09,0.241050119,419,-0.026840835,6.13790250028761e-05,4.214139938,50,0,0,107,272,0,0,0,0,0,0,0.634032634,0,0,0,0,0.116550117,0.249417249,0,0,0,0,0.241258741,0.758741259,0.73340068,0.70977397,0.685080642,,,,,,,,
SJ01_400972679,J01,400972679,G/A,A,G,A,SPKDEN,C07_SAL_2018,4.35929953200695e-08,0.001193317,419,-0.320360376,0.000279579,8.030524644,428,1,0,0,0,0,0,0,0,0,0,0,0,0,0,0.002331002,0.997668998,0,0,0,0.001165501,0,0.998834499,0,NA,1.09149278,0.695919021,,,,,,,,
SJ03_118524570,J03,118524570,G/T,G,T,T,SPKDEN,C07_SAL_2018,5.05733743799555e-09,0.285202864,419,0.029328349,5.48810263491918e-05,0,426,0,0,0,0,0,3,0,0,0,0,0,0,0,0,0,0.993006993,0,0,0.006993007,0,0.003496503,0.996503497,0,NA,0.69487452,0.696877452,,,,,,,,
SJ03_598048237,J03,598048237,G/A,G,A,A,SPKDEN,C07_SAL_2018,5.13434618291625e-09,0.470167064,419,-0.026052389,5.48810263491918e-05,8.07961870048161e-07,423,6,0,0,0,0,0,0,0,0,0,0,0,0,0,0.013986014,0.986013986,0,0,0,0.006993007,0,0.993006993,0,NA,0.656370135,0.697451387,,,,,,,,
SS04_329197898,S04,329197898,A/G,G,A,A,SPKDEN,C07_SAL_2018,1.46972748991381e-06,0.448687351,419,0.020040312,0.005236639,0,124,207,98,0,0,0,0,0,0,0,0,0,0,0,0.228438228,0.482517483,0.289044289,0,0,0,0.46969697,0,0.53030303,0,0.699790025,0.69690274,0.693060521,Thintv31224334m.g,Uncharacterized,Uncharacterized,T.aestivum,100%,94.12%,,
SS07_134934580,S07,134934580,C/T,C,T,T,SPKDEN,C07_SAL_2018,8.87725836680427e-08,0.324582339,419,-0.022881722,0.000474445,1.053384631,0,0,0,0,406,1,0,22,0,0,0.051282051,0.946386946,0.002331002,0,0,0,0,0,0,0,0,0.027972028,0,0.972027972,0.80149115,0.692552119,0.69681686,,,,,,,,
SV01_7732815,V01,7732815,C/G,G,C,G,SPKDEN,C07_SAL_2018,1.32234741374721e-06,0.062052506,419,-0.038726356,0.005236639,0,33,0,0,265,131,0,0,0,0,0,0,0.305361305,0,0,0,0,0.076923077,0.617715618,0,0,0,0,0.385780886,0.614219114,0.683915774,0.696632855,0.700436786,,,,,,,,
SV02_172479310,V02,172479310,G/A,G,A,A,SPKDEN,C07_SAL_2018,4.03820951541766e-11,0.285202864,419,-0.035628876,1.29493264530898e-06,2.552345558,328,93,8,0,0,0,0,0,0,0,0,0,0,0,0.018648019,0.216783217,0.764568765,0,0,0,0.127039627,0,0.872960373,0,0.749079348,0.717643483,0.689648287,Thintv31309704m.g,Dihydrokaempferol 4-reductase,No Significant Hits,,,,"dihydroflavonol 4-reductase (DFR) catalyzes the reduction of dihydroflavonols such as dihydrokaempferol, dihydroquercetin, and dihydromyricetin to leucoanthocyanidins in the anthocyanin biosynthetic pathway and is therefore considered one of the key enzymes controlling the carbon flux direction in anthocyanin pigmentation. Anthocyanins form photoprotective screens in vegetative tissue, act as visual attractors to aid pollination and seed dispersal, and function as antimicrobial agents and feeding deterrents in the defense response. Wheat anthocyanins play wheat-specific roles in grain dormancy, resistance to preharvest sprouting, and the brightness of wheat flour (Havrlentova et al. 2014), in addition to their involvement in pollination, seed dispersal, and light screening. ","Shin, D.H., Choi, MG., Kang, CS. et al. Overexpressing the wheat dihydroflavonol 4-reductase gene TaDFR increases anthocyanin accumulation in an Arabidopsis dfr mutant. Genes Genom 38, 333–340 (2016). https://doi.org/10.1007/s13258-015-0373-3"
SV04_80560865,V04,80560865,C/T,C,T,T,SPKDEN,C07_SAL_2018,1.64393783930772e-07,0.001193317,419,-0.352994336,0.000753088,2.25573404010052e-07,0,0,0,0,188,67,0,174,0,0,0.405594406,0.438228438,0.156177156,0,0,0,0,0,0,0,0,0.358974359,0,0.641025641,0.699635118,0.694823017,0.697794892,No Proximal Genes,,homeobox-leucine zipper protein ROC6-like,T.aestivum,100%,89.55%,The homeobox genes have been recognized as the master genese that specify the body plan and regulate development. Control epideremis development. Leucine zipper motifs are important domains for protein-protien interactions and are present in GL2-type homeodomain proteins which are controled by Roc genes. ,"Ito, Momoyo & Sentoku, Naoki & Nishimura, Asuka & Hong, Soon-Kwan & Sato, Yutaka & Matsuoka, Makoto. (2003). Roles of Rice GL2-type Homeobox Genes in Epidermis Differentiation. Breeding Science - BREEDING SCI. 53. 245-253. 10.1270/jsbbs.53.245. "
SJ01_535344826,J01,535344826,A/G,A,G,G,SPKHD,C07_SAL_2020,3.21741566122054e-07,0.140540541,370,-0.867235749,0.002063457,1.14357453,12,92,325,0,0,0,0,0,0,0,0,0,0,0,0.757575758,0.214452214,0.027972028,0,0,0,0.864801865,0,0.135198135,0,24.68333333,23.6675,23.61672662,No Proximal Genes,,cysteine-rich receptor-like protein kinase,T.aestivum,83%,85.21%,"Receptor-like kinases (RLKs) are conserved upstream signaling molecules that regulate several biological processes, including plant development and stress adaptation. Cysteine (C)-rich receptor-like kinases (CRKs) are an important class of RLK that play vital roles in disease resistance and cell death in plants.","Quezada EH, García GX, Arthikala MK, Melappa G, Lara M, Nanjareddy K. Cysteine-Rich Receptor-Like Kinase Gene Family Identification in the Phaseolus Genome and Comparative Analysis of Their Expression Profiles Specific to Mycorrhizal and Rhizobial Symbiosis. Genes (Basel). 2019 Jan 17;10(1):59. doi: 10.3390/genes10010059. PMID: 30658517; PMCID: PMC6356535."
SJ04_443970274,J04,443970274,C/T,C,T,T,SPKHD,C07_SAL_2020,7.47897870375915e-07,0.116216216,370,1.01178382,0.00399714,0.492571864,0,0,0,0,112,87,0,230,0,0,0.536130536,0.261072261,0.202797203,0,0,0,0,0,0,0,0,0.470862471,0,0.529137529,23.68670886,23.56062176,23.84285714,Thintv31081687m.g,Glycerol-3-phosphate dehydrogenase (NAD(+)),glycerol-3-phosphate dehydrogenase (NAD(+)),T.aestivum,59%,100%,"Glycerol-3-phosphate dehydrogenase (GPDH) catalyzes the formation of glycerol-3-phosphate, and plays an essential role in glycerolipid metabolism and in response to various stresses (salinity, dehydration, oxygen availability, low tempreature, stripe rust). GPDHs also play important roles on glycerol lipid metabolism. G3P is generated directly from dihydroxyacetone phosphate (DHAP) via NAD+-dependent glycerol-3- phosphate dehydrogenase (GPDH, EC 1.1.1.8), catalyzing the reduction of NADH and DHAP to form NAD+ and G3P.","Zhao Y, Li X, Wang F, Zhao X, Gao Y, Zhao C, He L, Li Z, Xu J. Glycerol-3-phosphate dehydrogenase (GPDH) gene family in Zea mays L.: Identification, subcellular localization, and transcriptional responses to abiotic stresses. PLoS One. 2018 Jul 10;13(7):e0200357. doi: 10.1371/journal.pone.0200357. PMID: 29990328; PMCID: PMC6039019."
SJ06_182383764,J06,182383764,A/C,C,A,C,SPKHD,C07_SAL_2020,1.56935745606634e-07,0.212162162,370,0.743256451,0.001258115,1.044141967,0,0,310,0,5,0,0,0,0,114,0,0.011655012,0,0,0.722610723,0,0,0,0.265734266,0,0.855477855,0,0,0.144522145,22.6,23.86868687,23.60545113,Thintv31117031m.g,Trans-feruloyl-CoA synthase,4-coumarate--CoA ligase 3-like,T.aestivum,100%,99.50%,"trans-feruloyl-COA is a necessary intermediate in the biosynthesis of coniferyl alcohol-one of three precursors (along with 4-coumaryl and sinapyl alcohols) for lignin formation within the plant cell wall. Among other functions, lignin is believed to contribute to plant defense ; Acetyl-coenzyme A (acetyl-CoA) is a central metabolic intermediate that modulates the balance of anabolism and catabolism by functioning as the fuel for energy generation or as the precursor of lipogenesis for energy storage. Acetyl-coenzyme A synthetase catalyzes the biosynthesis of acetyl-CoA from acetate, coenzyme A (CoA), and ATP. cAMP inhibits the activity of Salmonella enterica Acetyl-coenzyme A synthetase (SeAcs) by directly binding to the enzyme and competing against one of its substrates, ATP. The binding of cAMP increases SeAcs Lys609 acetylation, which further inhibits SeAcs activity. ","Zhang XH, Dickson EE, Chinnappa CC. Nucleotide sequence of a cDNA clone encoding caffeoyl-coenzyme A 3-O-methyltransferase of Stellaria longipes (Caryophyllaceae). Plant Physiol. 1995 May;108(1):429-30. doi: 10.1104/pp.108.1.429. PMID: 7784517; PMCID: PMC157354.

Xiaobiao Han, Liqiang Shen, Qijun Wang, Xufeng Cen, Jin Wang, Meng Wu, Peng Li, Wei Zhao, Yu Zhang, Guoping Zhao, Cyclic AMP Inhibits the Activity and Promotes the Acetylation of Acetyl-CoA Synthetase through Competitive Binding to the ATP/AMP Pocket, Journal of Biological Chemistry, Volume 292, Issue 4, 2017, Pages 1374-1384, ISSN 0021-9258, https://doi.org/10.1074/jbc.M116.753640."
SJ06_233909510,J06,233909510,C/T,C,T,T,SPKHD,C07_SAL_2020,2.24756275798588e-08,0.231081081,370,0.743464557,0.000240242,4.84195786644746e-08,0,0,0,0,220,44,0,165,0,0,0.384615385,0.512820513,0.102564103,0,0,0,0,0,0,0,0,0.294871795,0,0.705128205,23.31805556,23.73706294,23.67120419,Thintv31118542m.g,magnesium ion transport,Uncharacterized,T.aestivum,75%,78.15%,"Mg2+ is involved in chloroplast synthesis, regulation of osmotic pressure, intracellular enzyme activity, synthesis of proteins and nucleic acids and maintains the cation-anion balance in cell (Marschner and Marschner, 2012). Magnesium deficiency can adversely affect plant cells, like reducing macromolecular synthesis, photosynthetic capacity, and plant growth. Magnesium transporter proteins (MGTs), also known as Magnesium Transporter MRS2, play a critical role in maintaining Mg homeostasis in plant cells","Tang Y, Yang X, Li H, Shuai Y, Chen W, Ma D, Lü Z. Uncovering the role of wheat magnesium transporter family genes in abiotic responses. Front Plant Sci. 2023 Feb 9;14:1078299. doi: 10.3389/fpls.2023.1078299. PMID: 36844102; PMCID: PMC9948656."
SS02_60814509,S02,60814509,G/A,G,A,A,SPKHD,C07_SAL_2020,1.20698916054942e-12,0.363513514,370,0.930319663,3.87045214113382e-08,36.33574054,406,16,7,0,0,0,0,0,0,0,0,0,0,0,0.016317016,0.037296037,0.946386946,0,0,0,0.034965035,0,0.965034965,0,24.16666667,23.34666667,23.66719198,,,,,,,,
SS07_431676369,S07,431676369,C/A,C,A,A,SPKHD,C07_SAL_2020,1.43724956134622e-06,0.218918919,370,0.705014752,0.00658404,8.4385029167917e-08,0,0,15,0,263,0,0,0,0,151,0,0.613053613,0,0,0.034965035,0,0,0,0.351981352,0,0.210955711,0,0,0.789044289,24.06153846,23.4057971,23.80022831,Thintv31284194m.g,"ATPase containing the peptidase M41, proteolysis, metalloendopeptidase activity",ATP-dependent zinc metalloprotease FTSH1,T.aestivum,100%,89.81%,"M41 protease induced by both biotrophic and necrotrophic pathogens ; nitrogen metabolism (metalloendopeptidase) ; FtsH is an ATP-dependent zinc metalloprotease complex that belongs to the AAA (ATPase associated with diverse cellular activities) protease subfamily which plays role in chloroplast protein homeostasisis and is the major thylakoid membrane protease, biogenesis of thylakoid membranes and the quality control of thylakoid membrane proteins.","Balakireva AV, Deviatkin AA, Zgoda VG, Kartashov MI, Zhemchuzhina NS, Dzhavakhiya VG, Golovin AV, Zamyatnin AA Jr. Proteomics Analysis Reveals That Caspase-Like and Metacaspase-Like Activities Are Dispensable for Activation of Proteases Involved in Early Response to Biotic Stress in Triticum aestivum L. International Journal of Molecular Sciences. 2018; 19(12):3991. https://doi.org/10.3390/ijms19123991

Hou G, Du C, Gao H, Liu S, Sun W, Lu H, Kang J, Xie Y, Ma D, Wang C. Identification of microRNAs in developing wheat grain that are potentially involved in regulating grain characteristics and the response to nitrogen levels. BMC Plant Biol. 2020 Feb 27;20(1):87. doi: 10.1186/s12870-020-2296-7. PMID: 32103721; PMCID: PMC7045451."
SV03_342354337,V03,342354337,C/T,C,T,T,SPKHD,C07_SAL_2020,5.09212837243317e-09,0.252702703,370,-1.029330737,8.16446402594072e-05,0.507682535,0,0,0,0,378,1,0,50,0,0,0.116550117,0.881118881,0.002331002,0,0,0,0,0,0,0,0,0.060606061,0,0.939393939,25.2,23.99583333,23.6076324,No Proximal Genes,,3B-specific BAC library,T.aestivum,98%,94.92%,,
SJ07_110440439,J07,110440439,G/A,G,A,A,SPKYLD,C07_SAL_2018,9.23534116430946e-07,0.195180723,415,-0.003712544,0.004935828,0.002893383,399,30,0,0,0,0,0,0,0,0,0,0,0,0,0,0.06993007,0.93006993,0,0,0,0.034965035,0,0.965034965,0,NA,0.013905424,0.015540889,Thintv31135399m.g,ADP binding,disease resistance protein Pik-2-like,T.diccoides,99%,97.50%,NLR proteins mediate host responses to pathogen sensors and can regulate inflammatory response during pathogen invasion,"Zhengmao Ye, Jenny Pan-Yun Ting, NLR, the nucleotide-binding domain leucine-rich repeat containing gene family, Current Opinion in Immunology, Volume 20, Issue 1, 2008, Pages 3-9, ISSN 0952-7915, https://doi.org/10.1016/j.coi.2008.01.003."
SJ07_441485323,J07,441485323,T/A,T,A,A,SPKYLD,C07_SAL_2018,3.18622206532112e-15,0.002409639,415,-0.058885644,1.02172582968652e-10,5.190466009,0,0,0,0,0,414,0,0,15,0,0,0,0.965034965,0.034965035,0,0,0,0,0,0,0.017482517,0.982517483,0,0,NA,0.010135893,0.015625006,,,,,,,,
SS01_69927979,S01,69927979,C/A,A,C,A,SPKYLD,C07_SAL_2018,4.77021638253521e-07,0.004819277,415,-0.023861533,0.003824163,12.93359966,0,0,75,0,141,0,0,0,0,213,0,0.328671329,0,0,0.174825175,0,0,0,0.496503497,0,0.423076923,0,0,0.576923077,0.014435398,0.016268059,0.014680488,,,,,,,,
SS06_24099466,S06,24099466,A/C,A,C,C,SPKYLD,C07_SAL_2018,2.06987319258984e-07,0.030120482,415,-0.010598186,0.002212487,0.071732258,0,0,393,0,0,0,0,0,0,36,0,0,0,0,0.916083916,0,0,0,0.083916084,0,0.958041958,0,0,0.041958042,NA,0.014137518,0.01554905,Thintv31249534m.g,Ubiquitin--protein ligase,Uncharacterized,T.aestivum,100%,95.05%,"The ubiquitin/26S proteasome system is one of the most important mechanisms employed by plants for responding to stress. E3 ubiquitin ligase is an important part of the ubiquitin/26S proteasome system. Responds to different abiotic stresses, such as drought, salt, and abscisic acid treatment. RING E3 ubiquitin ligase TaDIS1 may through the posttranslational regulation of TaSTP to play an important role in drought tolerance. Ubiquiutin ligase TaGW2 has been identified as a key determinant of the grain weight in wheat.","Qian Lv, Li Zhang, Ting Zan, Liqun Li, Xuejun Li, Wheat RING E3 ubiquitin ligase TaDIS1 degrade TaSTP via the 26S proteasome pathway, Plant Science, Volume 296, 2020, 110494, ISSN 0168-9452, https://doi.org/10.1016/j.plantsci.2020.110494.

Qian Lv, Liqun Li, Ying Meng, Huimin Sun, Liuping Chen, Bingxin Wang, Xuejun Li, Wheat E3 ubiquitin ligase TaGW2-6A degrades TaAGPS to affect seed size, Plant Science, Volume 320, 2022, 111274, ISSN 0168-9452, https://doi.org/10.1016/j.plantsci.2022.111274."
SS07_133393354,S07,133393354,C/T,C,T,T,SPKYLD,C07_SAL_2018,1.43329207065333e-06,0.079518072,415,-0.005674601,0.006565911,12.38858461,0,0,0,0,154,99,0,176,0,0,0.41025641,0.358974359,0.230769231,0,0,0,0,0,0,0,0,0.435897436,0,0.564102564,0.014049426,0.016067167,0.015566164,Thintv31272766m.g,DNA helicase,probable DNA helicase MCM9 ,T.aestivum,97%,95.90%,MCM8 and MCM9 form a functional helicase complex (MCM8/9) that plays an essential role in DNA homologous recombination repair for DNA double-strand break. MCM8/9 are recent additions to the catalog of helicases involved in recombination. Mutations in MCM8/9 correlate principally with primary ovarian failure/insufficiency (POF/POI) and infertility indicating a meiotic defect. ,"Weng Zhuangfeng, Zheng Jiefu, Zhou Yiyi, Lu Zuer, Wu Yixi, Xu Dongyi, Li Huanhuan, Liang Huanhuan, Liu Yingfang (2023) Structural and mechanistic insights into the MCM8/9 helicase complex eLife 12:RP87468. https://doi.org/10.7554/eLife.87468.2

Wezley C. Griffin, Michael A. Trakselis, The MCM8/9 complex: A recent recruit to the roster of helicases involved in genome maintenance, DNA Repair, Volume 76, 2019, Pages 1-10, ISSN 1568-7864, https://doi.org/10.1016/j.dnarep.2019.02.003."
SV01_206124266,V01,206124266,C/T,C,T,T,SPKYLD,C07_SAL_2018,9.20170791276739e-07,0.03253012,415,-0.008666222,0.004935828,0.00067392,0,0,0,0,221,15,0,193,0,0,0.44988345,0.515151515,0.034965035,0,0,0,0,0,0,0,0,0.25990676,0,0.74009324,0.012106816,0.01663477,0.014618632,No Proximal Genes,,Uncharacterized,T.dicoccoides,99%,88.83%,,
SV06_102610885,V06,102610885,T/C,T,C,C,SPKYLD,C07_SAL_2018,2.15269249931252e-08,0.003614458,415,-0.035523518,0.000345152,8.30999934109041e-08,0,0,0,0,9,339,0,81,0,0,0.188811189,0.020979021,0.79020979,0,0,0,0,0,0,0,0,0.884615385,0,0.115384615,0.008937744,0.016864094,0.015267677,,,,,,,,
SJ02_680787718,J02,680787718,T/C,C,T,C,STMANG,C07_SAL_2018,7.05627434727473e-08,0.076650943,424,4.685806052,0.001131368,0,0,0,0,0,28,256,0,145,0,0,0.337995338,0.065268065,0.596736597,0,0,0,0,0,0,0,0,0.765734266,0,0.234265734,65.55555556,68.30985915,69.84313725,,,,,,,,
SJ04_4086382,J04,4086382,G/C,G,C,C,STMANG,C07_SAL_2018,1.17722485842532e-08,0.146226415,424,3.364479966,0.000377501,1.348177949,137,0,0,247,45,0,0,0,0,0,0,0.104895105,0,0,0,0,0.319347319,0.575757576,0,0,0,0,0.607226107,0.392773893,69.55555556,68.64197531,69.63235294,No Proximal Genes,,omega gliadin-D1 / glycosyltransferase-like,T.aestivum,100% / 78%,94.31% / 98.88%,wheat gluten proteins ; flavonoid biosynthesis pathway,"Altenbach SB, Chang HC, Yu XB, Seabourn BW, Green PH, Alaedini A. Elimination of Omega-1,2 Gliadins From Bread Wheat (Triticum aestivum) Flour: Effects on Immunogenic Potential and End-Use Quality. Front Plant Sci. 2019 May 9;10:580. doi: 10.3389/fpls.2019.00580. PMID: 31143195; PMCID: PMC6521778.

Chen X, Tao Y, Ali A, Zhuang Z, Guo D, Guo Q, Riaz A, Zhang H, Xu P, Liao Y, et al. Transcriptome and Proteome Profiling of Different Colored Rice Reveals Physiological Dynamics Involved in the Flavonoid Pathway. International Journal of Molecular Sciences. 2019; 20(10):2463. https://doi.org/10.3390/ijms20102463"
SJ01_54110313,J01,54110313,G/A,G,A,A,STMANG,C07_SAL_2020,1.10081913113177e-06,0.046070461,369,6.636080832,0.007059993,0,396,29,4,0,0,0,0,0,0,0,0,0,0,0,0.009324009,0.067599068,0.923076923,0,0,0,0.043123543,0,0.956876457,0,70,71.92307692,73.36283186,Thintv31002694m.g,Uncharacterized,No Significant Hits,,,,,
SJ07_38100803,J07,38100803,T/C,T,C,C,STMANG,C07_SAL_2020,3.99981059055822e-07,0.265582656,369,-3.891948248,0.003642053,0,0,0,0,0,0,403,0,26,0,0,0.060606061,0,0.939393939,0,0,0,0,0,0,0,0,0.96969697,0,0.03030303,NA,75.41666667,73.07246377,,,,,,,,
SS02_443036385,S02,443036385,T/C,C,T,C,STMANG,C07_SAL_2020,4.85571964763768e-09,0.295392954,369,-4.077773983,7.78541809703988e-05,0,0,0,0,0,92,140,0,197,0,0,0.459207459,0.214452214,0.326340326,0,0,0,0,0,0,0,0,0.555944056,0,0.444055944,72.69230769,74.12790698,72.26890756,Thintv31190369m.g,"Aspartyl protease, Nepenthesin, Xylanase inhibitor",aspartic protease in guard cell,T.aestivum,100%,96.52%,"Nepenthesins are aspartic proteases (APs) mostly known from the pitcher fluid of the carnivorous plant Nepenthes but are also widely distributed within the plant kingdom and play significant roles in other plant species. Biological roles include hydrolyzing insect protein and availing the nitrogen for assimilation by the plant, reduces the activity of fungal phytases, enzymes that dephosphorylate the phytic acid substrate, suppresses biomass accumulation and 15-acetyldeoxynivalenol (15ADON) mycotoxin production from different strains of Fusarium graminearum, represses the expression of trichothecene (TRI) biosynthesis and regulatory genes in F. graminearum. Xylanase inhibitor N-terminal and C-terminal domains form a lobe and create the catalytic pocket of napenthesin A1 protease domain","Bekalu ZE, Dionisio G, Brinch-Pedersen AH. Molecular Properties and New Potentials of Plant Nepenthesins. Plants (Basel). 2020 Apr 29;9(5):570. doi: 10.3390/plants9050570. PMID: 32365700; PMCID: PMC7284499."
SS06_325276373,S06,325276373,T/C,T,C,C,STMANG,C07_SAL_2020,4.54305367721134e-07,0.237127371,369,-3.56156305,0.003642053,0,0,0,0,0,7,347,0,75,0,0,0.174825175,0.016317016,0.808857809,0,0,0,0,0,0,0,0,0.896270396,0,0.103729604,75,71.5625,73.55481728,,,,,,,,
SV03_334163944,V03,334163944,T/A,T,A,A,STMANG,C07_SAL_2020,6.4508814402995e-10,0.048780488,369,9.699500853,2.06860415146084e-05,0,0,0,8,0,0,348,0,0,73,0,0,0,0.811188811,0.17016317,0.018648019,0,0,0,0,0,0.103729604,0.896270396,0,0,72.85714286,70.15151515,73.91891892,No Proximal Genes,,BTB/POZ and MATH domain-containing protein 1-like,T.aestivum,98%,92.93%,"BTB/POZ family use their BTB/POZ domain to assemble with CUL3 proteins. Cullins are scaffolding subunits of multimeric E3-ligases that can polyubiquitinate their substrates and thereby target them for degradation via the 26S proteasome, potentially serving as substrate adaptors for CUL3-based E3-ligases. The MATH domain of BPM proteins is used to assemble with members of the ethylene response factor/Apetala2 (ERF/AP2) transcription factor family. Noted in abiotic stress tolerance, red light response and ethylene signaling","Weber, H. and Hellmann, H. (2009), Arabidopsis_thaliana BTB/_POZ-MATH proteins interact with members of the ERF/AP2 transcription factor family. The FEBS Journal, 276: 6624-6635. https://doi.org/10.1111/j.1742-4658.2009.07373.x"
SJ02_170760275,J02,170760275,G/A,G,A,A,ZDK,C07_SAL_2019,6.21595616282965e-07,0.3125,424,-0.787199567,0.003986541,0,348,73,8,0,0,0,0,0,0,0,0,0,0,0,0.018648019,0.17016317,0.811188811,0,0,0,0.103729604,0,0.896270396,0,71,72.06849315,72.31395349,Thintv31028474m.g,Unidentified,Uncharacterized,T.aestivum,100%,94.69%,,
SJ03_614622642,J03,614622642,G/A,G,A,A,ZDK,C07_SAL_2019,1.71464629414704e-11,0.001179245,424,11.78362258,5.49835627144131e-07,0.453827954,263,140,26,0,0,0,0,0,0,0,0,0,0,0,0.060606061,0.326340326,0.613053613,0,0,0,0.223776224,0,0.776223776,0,72.23076923,71.97142857,72.40310078,,,,,,,,
SS02_100855672,S02,100855672,A/G,G,A,A,ZDK,C07_SAL_2019,1.259683494122e-06,0.003537736,424,4.57634261,0.00577061,0,134,183,112,0,0,0,0,0,0,0,0,0,0,0,0.261072261,0.426573427,0.312354312,0,0,0,0.474358974,0,0.525641026,0,72.2481203,72.36666667,72.06306306,Thintv31177157m.g,Thaumatin family,thaumatin-like protien,T.aestivum,97%,92.86%,"Thaumatin-like proteins (TLPs) are a highly complex protein family associated with host defense and developmental processes. In plants they are classified as the PR-5 (Pathogenesis-Related-5) protein family mostly associated with responses to biotic stresses, in addition to some predicted activities under drought and osmotic stresses. ","de Jesús-Pires C, Ferreira-Neto JRC, Pacifico Bezerra-Neto J, Kido EA, de Oliveira Silva RL, Pandolfi V, Wanderley-Nogueira AC, Binneck E, da Costa AF, Pio-Ribeiro G, Pereira-Andrade G, Sittolin IM, Freire-Filho F, Benko-Iseppon AM. Plant Thaumatin-like Proteins: Function, Evolution and Biotechnological Applications. Curr Protein Pept Sci. 2020;21(1):36-51. doi: 10.2174/1389203720666190318164905. PMID: 30887921."
SS02_393839387,S02,393839387,C/T,C,T,T,ZDK,C07_SAL_2019,2.2635927947815e-08,0.001179245,424,9.72116722,0.000241955,0,0,0,0,0,383,12,0,34,0,0,0.079254079,0.892773893,0.027972028,0,0,0,0,0,0,0,0,0.067599068,0,0.932400932,70.66666667,72.35294118,72.29100529,No Proximal Genes,,BTB/POZ and MATH domain-containing protein 3-like,T.aestivum,100%,91.54%,"BTB/POZ family use their BTB/POZ domain to assemble with CUL3 proteins. Cullins are scaffolding subunits of multimeric E3-ligases that can polyubiquitinate their substrates and thereby target them for degradation via the 26S proteasome, potentially serving as substrate adaptors for CUL3-based E3-ligases. The MATH domain of BPM proteins is used to assemble with members of the ethylene response factor/Apetala2 (ERF/AP2) transcription factor family. Noted in abiotic stress tolerance, red light response and ethylene signaling","Weber, H. and Hellmann, H. (2009), Arabidopsis_thaliana BTB/_POZ-MATH proteins interact with members of the ERF/AP2 transcription factor family. The FEBS Journal, 276: 6624-6635. https://doi.org/10.1111/j.1742-4658.2009.07373.x"
SS03_140782902,S03,140782902,T/G,T,G,G,ZDK,C07_SAL_2019,1.02211554264226e-06,0.265330189,424,-0.532584473,0.005462697,0,27,0,0,0,0,251,151,0,0,0,0,0,0.585081585,0,0,0,0.062937063,0,0,0.351981352,0,0.761072261,0.238927739,0,72.92592593,72.0738255,72.28225806,,,,,,,,
SS07_437775861,S07,437775861,G/C,C,G,C,ZDK,C07_SAL_2019,9.27366561525538e-11,0.33254717,424,-0.844901489,1.48689317642197e-06,2.16356605896937e-08,196,0,0,179,54,0,0,0,0,0,0,0.125874126,0,0,0,0,0.456876457,0.417249417,0,0,0,0,0.665501166,0.334498834,72.58490566,72.19318182,72.21025641,Thintv31284463m.g,Aquaporin (major intrinsic protein family),No Significant Hits,,,,facilitators of water movement through plant cell membranes,"Pandey B, Sharma P, Pandey DM, Sharma I, Chatrath R. Identification of new aquaporin genes and single nucleotide polymorphism in bread wheat. Evol Bioinform Online. 2013 Nov 3;9:437-52. doi: 10.4137/EBO.S12568. PMID: 24250219; PMCID: PMC3825567."
SV01_448933298,V01,448933298,G/A,G,A,A,ZDK,C07_SAL_2019,8.55332413335319e-08,0.001179245,424,8.522639625,0.000685699,0.603471829,397,29,3,0,0,0,0,0,0,0,0,0,0,0,0.006993007,0.067599068,0.925407925,0,0,0,0.040792541,0,0.959207459,0,72.33333333,72.42857143,72.23664122,,,,,,,,
SJ03_611922552,J03,611922552,G/A,G,A,A,ZDK,C10_OLA_2022,8.70304839868848e-08,0.024922118,321,5.462182799,0.000930269,0,364,0,0,0,0,0,0,0,0,0,0,0,0,0,0,0,1,0,0,0,0,0,1,0,NA,NA,67.38006231,No Proximal Genes,,zingipain-2-like; ervatamin-B,T.dicoccoides; T.aestivum,99%; 100%,96.98%; 91.04%,Cysteine protease with antiproliferative effect against fungi,"Karnchanatat, A., Tiengburanatam, N., Boonmee, A., Puthong, S., & Sangvanich, P. (2011). ZINGIPAIN, A CYSTEINE PROTEASE FROM Zingiber ottensii VALETON RHIZOMES WITH ANTIPROLIFERATIVE ACTIVITIES AGAINST FUNGI AND HUMAN MALIGNANT CELL LINES. Preparative Biochemistry & Biotechnology, 41(2), 138–153. https://doi.org/10.1080/10826068.2011.547347"
SJ05_103986355,J05,103986355,A/C,A,C,C,ZDK,C10_OLA_2022,7.22722268933422e-08,0.012461059,321,5.14495421,0.000930269,0,0,0,263,0,17,0,0,0,0,84,0,0.046703297,0,0,0.722527473,0,0,0,0.230769231,0,0.837912088,0,0,0.162087912,66.33333333,68.09859155,67.22978723,No Proximal Genes,,mRNA for predicted protein,H.vulgare subsp.vulgare,89%,91.62%,,
SV01_501741056,V01,501741056,T/C,C,T,C,ZDK,C10_OLA_2022,4.22310139133817e-08,0.015576324,321,7.707979031,0.000930269,0,0,0,0,0,39,271,0,54,0,0,0.148351648,0.107142857,0.744505495,0,0,0,0,0,0,0,0,0.818681319,0,0.181318681,65.91891892,67.97674419,67.49792531,,,,,,,,
SV01_442280490,V01,442280490,A/G,A,G,G,ZDK,C10_SAL_2021,1.6286925870597e-08,0.161392405,316,2.07184126,0.000522273,0,6,14,337,0,0,0,0,0,0,0,0,0,0,0,0.943977591,0.039215686,0.016806723,0,0,0,0.963585434,0,0.036414566,0,64,64.66666667,62.98657718,Thintv31296780m.g,DHHC palmitoyltransferase;Protein S-acyltransferase,protein S-acyltransferase 8-like,T.aestivum,90%,96.70%,S-acyltransferases are a class of palmitoyltransferases. These proteins are transmembrane thiol-directed protein acyltransferases (PATs). These enzymes catalyze the attachment of palmitoyl (and sometimes other acyl groups) to specific cysteines within the target proteins through a thioester bond. They contain a cysteine rich DHHC domain thought to be responsible for catalyzing the palmitoyl-transferase activity. Have critical roles in a variety of protein functions involved in plant development and responses to abiotic and biotic stresses. ,"Gagne JM, Gish LA, Clark SE. The role of the acyl modification, palmitoylation, in Arabidopsis stem cell regulation. Plant Signal Behav. 2010 Aug;5(8):1048-51. doi: 10.4161/psb.5.8.12409. PMID: 21460611; PMCID: PMC3115195.

Li J, Zhang M, Zhou L. Protein S-acyltransferases and acyl protein thioesterases, regulation executors of protein S-acylation in plants. Front Plant Sci. 2022 Jul 27;13:956231. doi: 10.3389/fpls.2022.956231. PMID: 35968095; PMCID: PMC9363829."
SS05_501885161,S05,501885161,C/T,T,C,T,ZDK,C10_SAL_2022,1.95504364903074e-07,0.045317221,331,1.918661373,0.002089746,0,0,0,0,0,151,16,0,190,0,0,0.532212885,0.422969188,0.044817927,0,0,0,0,0,0,0,0,0.31092437,0,0.68907563,74.2,74.53932584,74.19565217,,,,,,,,
SV01_8751581,V01,8751581,G/A,G,A,A,ZDK,C10_SAL_2022,7.89685549542484e-16,0.001510574,331,33.50754558,2.53228465171788e-11,6.18753382743571e-17,194,148,15,0,0,0,0,0,0,0,0,0,0,0,0.042016807,0.414565826,0.543417367,0,0,0,0.24929972,0,0.75070028,0,74.85714286,74.62043796,74.16111111,,,,,,,,
SV02_80918909,V02,80918909,G/T,G,T,T,ZDK,C10_SAL_2022,1.09372283411239e-09,0.045317221,331,2.179298165,1.7536205060741e-05,1.935986442,212,0,0,0,0,1,144,0,0,0,0,0,0.00280112,0,0,0,0.593837535,0,0,0.403361345,0,0.204481793,0.795518207,0,77,74.578125,74.24257426,,,,,,,,
,,,,,,,,,,,,,,,,,,,,,,,,,,,,,,,,,,,,,,,,,,,,,,,,,
,,,,,,,,,,,,,,,,,,,,,,,,,,,,,,,,,,,,,,,,,,,,,,,,,
,,,,,,,,,,,,,,,,,,,,,,,,,,,,,,,,,,,,,,,,,,,,,,,,,
,,,,,,,,,,,,,,,,,,,,,,,,,,,,,,,,,,,,,,,,,,,,,,,,,
,,,,,,,,,,,,,,,,,,,,,,,,,,,,,,,,,,,,,,,,,,,,,,,,,
,,,,,,,,,,,,,,,,,,,,,,,,,,,,,,,,,,,,,,,,,,,,,,,,,
,,,,,,,,,,,,,,,,,,,,,,,,,,,,,,,,,,,,,,,,,,,,,,,,,
,,,,,,,,,,,,,,,,,,,,,,,,,,,,,,,,,,,,,,,,,,,,,,,,,
,,,,,,,,,,,,,,,,,,,,,,,,,,,,,,,,,,,,,,,,,,,,,,,,,
,,,,,,,,,,,,,,,,,,,,,,,,,,,,,,,,,,,,,,,,,,,,,,,,,
,,,,,,,,,,,,,,,,,,,,,,,,,,,,,,,,,,,,,,,,,,,,,,,,,
,,,,,,,,,,,,,,,,,,,,,,,,,,,,,,,,,,,,,,,,,,,,,,,,,
,,,,,,,,,,,,,,,,,,,,,,,,,,,,,,,,,,,,,,,,,,,,,,,,,
,,,,,,,,,,,,,,,,,,,,,,,,,,,,,,,,,,,,,,,,,,,,,,,,,
,,,,,,,,,,,,,,,,,,,,,,,,,,,,,,,,,,,,,,,,,,,,,,,,,
,,,,,,,,,,,,,,,,,,,,,,,,,,,,,,,,,,,,,,,,,,,,,,,,,
,,,,,,,,,,,,,,,,,,,,,,,,,,,,,,,,,,,,,,,,,,,,,,,,,
,,,,,,,,,,,,,,,,,,,,,,,,,,,,,,,,,,,,,,,,,,,,,,,,,
,,,,,,,,,,,,,,,,,,,,,,,,,,,,,,,,,,,,,,,,,,,,,,,,,
,,,,,,,,,,,,,,,,,,,,,,,,,,,,,,,,,,,,,,,,,,,,,,,,,
,,,,,,,,,,,,,,,,,,,,,,,,,,,,,,,,,,,,,,,,,,,,,,,,,
,,,,,,,,,,,,,,,,,,,,,,,,,,,,,,,,,,,,,,,,,,,,,,,,,
,,,,,,,,,,,,,,,,,,,,,,,,,,,,,,,,,,,,,,,,,,,,,,,,,
,,,,,,,,,,,,,,,,,,,,,,,,,,,,,,,,,,,,,,,,,,,,,,,,,
,,,,,,,,,,,,,,,,,,,,,,,,,,,,,,,,,,,,,,,,,,,,,,,,,
,,,,,,,,,,,,,,,,,,,,,,,,,,,,,,,,,,,,,,,,,,,,,,,,,
,,,,,,,,,,,,,,,,,,,,,,,,,,,,,,,,,,,,,,,,,,,,,,,,,
,,,,,,,,,,,,,,,,,,,,,,,,,,,,,,,,,,,,,,,,,,,,,,,,,
,,,,,,,,,,,,,,,,,,,,,,,,,,,,,,,,,,,,,,,,,,,,,,,,,
,,,,,,,,,,,,,,,,,,,,,,,,,,,,,,,,,,,,,,,,,,,,,,,,,
,,,,,,,,,,,,,,,,,,,,,,,,,,,,,,,,,,,,,,,,,,,,,,,,,
,,,,,,,,,,,,,,,,,,,,,,,,,,,,,,,,,,,,,,,,,,,,,,,,,
,,,,,,,,,,,,,,,,,,,,,,,,,,,,,,,,,,,,,,,,,,,,,,,,,
,,,,,,,,,,,,,,,,,,,,,,,,,,,,,,,,,,,,,,,,,,,,,,,,,
,,,,,,,,,,,,,,,,,,,,,,,,,,,,,,,,,,,,,,,,,,,,,,,,,
,,,,,,,,,,,,,,,,,,,,,,,,,,,,,,,,,,,,,,,,,,,,,,,,,
,,,,,,,,,,,,,,,,,,,,,,,,,,,,,,,,,,,,,,,,,,,,,,,,,
,,,,,,,,,,,,,,,,,,,,,,,,,,,,,,,,,,,,,,,,,,,,,,,,,
,,,,,,,,,,,,,,,,,,,,,,,,,,,,,,,,,,,,,,,,,,,,,,,,,
,,,,,,,,,,,,,,,,,,,,,,,,,,,,,,,,,,,,,,,,,,,,,,,,,
,,,,,,,,,,,,,,,,,,,,,,,,,,,,,,,,,,,,,,,,,,,,,,,,,
,,,,,,,,,,,,,,,,,,,,,,,,,,,,,,,,,,,,,,,,,,,,,,,,,
,,,,,,,,,,,,,,,,,,,,,,,,,,,,,,,,,,,,,,,,,,,,,,,,,
,,,,,,,,,,,,,,,,,,,,,,,,,,,,,,,,,,,,,,,,,,,,,,,,,
,,,,,,,,,,,,,,,,,,,,,,,,,,,,,,,,,,,,,,,,,,,,,,,,,
,,,,,,,,,,,,,,,,,,,,,,,,,,,,,,,,,,,,,,,,,,,,,,,,,