SNP,Chromosome,Position,P.value,MAF,nobs,effect,Phenotype_Variance_Explained(%)
SJ04_470381305,4,470381305,2.56105698670796e-07,0.030448717948718,312,-15.1668527510863,4.76334485386657
SJ06_190433484,6,190433484,1.59478555936878e-07,0.0016025641025641,312,-95.280521982153,0
SS01_260252102,8,260252102,2.72738202937405e-11,0.00480769230769229,312,-69.7697181185031,0.528100979866586
SS06_262784533,13,262784533,1.04330137352158e-06,0.177884615384615,312,-7.16450126452932,7.51787065103365e-08
SV01_70280031,15,70280031,6.59085235792816e-08,0.282051282051282,312,-6.19402663135591,8.56670703106702e-07
SV03_434778697,17,434778697,9.75492756318682e-07,0.44551282051282,312,3.95879838141965,2.81638720044367e-08
