,SNP,Chr,Pos,P.value,MAF,traits
6181,SJ04_470381305,J04,470381305,2.561057e-07,0.030448718,FarmCPU.FHBDON(NYC)
8582,SJ06_190433484,J06,190433484,1.594786e-07,0.001602564,FarmCPU.FHBDON(NYC)
12179,SS01_260252102,S01,260252102,2.727382e-11,0.004807692,FarmCPU.FHBDON(NYC)
20739,SS06_262784533,S06,262784533,1.043301e-06,0.177884615,FarmCPU.FHBDON(NYC)
23200,SV01_70280031,V01, 70280031,6.590852e-08,0.282051282,FarmCPU.FHBDON(NYC)
26773,SV03_434778697,V03,434778697,9.754928e-07,0.445512821,FarmCPU.FHBDON(NYC)
4324,SJ03_302994249,J03,302994249,1.868228e-10,0.003787879,FarmCPU.FHBSPKINC(NYC)
4341,SJ03_315074803,J03,315074803,1.143663e-07,0.009469697,FarmCPU.FHBSPKINC(NYC)
6102,SJ04_448435444,J04,448435444,7.770492e-07,0.357954545,FarmCPU.FHBSPKINC(NYC)
13485,SS02_161844379,S02,161844379,5.480346e-09,0.009469697,FarmCPU.FHBSPKINC(NYC)
25070,SV02_452036252,V02,452036252,2.560014e-09,0.005681818,FarmCPU.FHBSPKINC(NYC)
