SNP,Chromosome,Position,P.value,MAF,nobs,effect,Phenotype_Variance_Explained(%)
SJ03_302994249,3,302994249,1.86822793138239e-10,0.00378787878787878,264,27.8941308445428,0.651356882884814
SJ03_315074803,3,315074803,1.14366305050453e-07,0.00946969696969702,264,13.0098960486798,1.53025136580535
SJ04_448435444,4,448435444,7.77049224607165e-07,0.357954545454545,264,-2.85072245823368,0
SS02_161844379,9,161844379,5.48034591571385e-09,0.00946969696969702,264,17.9777053436173,0
SV02_452036252,16,452036252,2.56001375615302e-09,0.00568181818181823,264,16.8633579561044,3.52973082611392e-08
