SNP,Chr,Pos,P.value,MAF,effect,nobs,H&B.P.Value,Phenotype_Variance_Explained(%)
SJ04_470381305,4,470381305,2.56105698670796e-07,0.030448717948718,-15.1668527510863,312,0.0020531353598191,2.81958551911508
SJ06_190433484,6,190433484,1.59478555936878e-07,0.0016025641025641,-95.280521982153,312,0.00170466628440929,68.6083215049097
SS01_260252102,8,260252102,2.72738202937405e-11,0.00480769230769229,-69.7697181185031,312,8.74589595359376e-07,24.428186022076
SS06_262784533,13,262784533,1.04330137352158e-06,0.177884615384615,-7.16450126452932,312,0.00557592419078608,0.470698528190257
SV01_70280031,15,70280031,6.59085235792816e-08,0.282051282051282,-6.19402663135591,312,0.00105674431280841,0.0233826380327177
SV03_434778697,17,434778697,9.75492756318682e-07,0.44551282051282,3.95879838141965,312,0.00557592419078608,0.283259292678656
