SNP,Chr,Pos,P.value,MAF,effect,nobs,H&B.P.Value,Phenotype_Variance_Explained(%)
SJ03_302994249,3,302994249,1.86822793138239e-10,0.00378787878787878,27.8941308445428,264,5.9908465075639e-06,23.767428611107
SJ03_315074803,3,315074803,1.14366305050453e-07,0.00946969696969702,13.0098960486798,264,0.000916846076013218,23.5377040515862
SJ04_448435444,4,448435444,7.77049224607165e-07,0.357954545454545,-2.85072245823368,264,0.00498352749709559,0.327281675999469
SS02_161844379,9,161844379,5.48034591571385e-09,0.00946969696969702,17.9777053436173,264,5.85794174930653e-05,23.0390737158453
SV02_452036252,16,452036252,2.56001375615302e-09,0.00568181818181823,16.8633579561044,264,4.10459805592795e-05,24.1561151666279
