SNP,Chromosome,Position,P.value,MAF,nobs,effect,Phenotype_Variance_Explained(%)
SJ07_668224534,7,668224534,8.5049598312854e-07,0.0129449838187702,309,29.7673791182557,5.52257938200712
SV02_548956709,16,548956709,3.4560559441404e-08,0.0194174757281553,309,26.9405923526292,0
SV06_12880934,20,12880934,1.12775255804202e-06,0.215210355987055,309,6.766855218258,0
SV06_433049091,20,433049091,1.50141946420837e-06,0.0469255663430421,309,15.1630329790071,0
