SNP,Chromosome,Position,P.value,MAF,nobs,effect,Phenotype_Variance_Explained(%)
SS01_260252102,8,260252102,8.45230366659287e-07,0.0048387096774194,310,35.5912657250988,0
SV01_24192893,15,24192893,1.36478914327632e-10,0.00161290322580643,310,93.6569865882484,0
SV01_530680062,15,530680062,4.57989428075628e-07,0.0258064516129032,310,17.2232617848374,0
SV06_388713790,20,388713790,6.37359664436614e-09,0.0903225806451613,310,8.063364005913,0
