SNP,Chromosome,Position,P.value,MAF,nobs,effect,Phenotype_Variance_Explained(%)
SJ05_303741566,5,303741566,3.46203452296706e-08,0.194174757281553,309,-5.3232901895082,0
SS05_120261602,12,120261602,5.09899485058935e-10,0.00647249190938515,309,-32.2148737769642,0
