SNP,Chromosome,Position,P.value,MAF,nobs,effect,Phenotype_Variance_Explained(%)
SJ03_611922552,3,611922552,8.70304839868848e-08,0.0249221183800623,321,5.46218279865889,0
SJ05_103986355,5,103986355,7.22722268933422e-08,0.0124610591900312,321,5.14495421049926,0
SV01_501741056,15,501741056,4.22310139133817e-08,0.0155763239875389,321,7.7079790312564,0
