SNP,Chromosome,Position,P.value,MAF,nobs,effect,Phenotype_Variance_Explained(%)
SS03_451590681,10,451590681,1.37357389116466e-10,0.0410714285714285,280,-0.389176440324102,1.57822198950967
SS04_336690977,11,336690977,9.52656070493992e-12,0.00178571428571428,280,-2.53997656941425,0
SS06_32856422,13,32856422,1.72754399745626e-15,0.00178571428571428,280,-2.8369226710292,0.213602269593043
SV06_429405425,20,429405425,2.82481968925052e-37,0.00178571428571428,280,-9.51040338547091,55.2057822830997
