SNP,Chr,Pos,P.value,MAF,effect,nobs,H&B.P.Value,Phenotype_Variance_Explained(%)
SS01_260252102,8,260252102,8.45230366659287e-07,0.0048387096774194,35.5912657250988,310,0.00677600054191584,9.3771469404328
SV01_24192893,15,24192893,1.36478914327632e-10,0.00161290322580643,93.6569865882484,310,4.37646934574418e-06,80.8106662104966
SV01_530680062,15,530680062,4.57989428075628e-07,0.0258064516129032,17.2232617848374,310,0.00489544899670039,2.17136596736317
SV06_388713790,20,388713790,6.37359664436614e-09,0.0903225806451613,8.063364005913,310,0.000102191061797445,2.92922615372978
