SNP,Chr,Pos,P.value,MAF,effect,nobs,H&B.P.Value,Phenotype_Variance_Explained(%)
SJ07_668224534,7,668224534,8.5049598312854e-07,0.0129449838187702,29.7673791182557,309,0.0120365044896924,46.8681417923469
SV02_548956709,16,548956709,3.4560559441404e-08,0.0194174757281553,26.9405923526292,309,0.0011082534596075,21.8506139299334
SV06_12880934,20,12880934,1.12775255804202e-06,0.215210355987055,6.766855218258,309,0.0120365044896924,2.96412122605214
SV06_433049091,20,433049091,1.50141946420837e-06,0.0469255663430421,15.1630329790071,309,0.0120365044896924,4.33769295396805
