SNP,Chr,Pos,P.value,MAF,effect,nobs,H&B.P.Value,Phenotype_Variance_Explained(%)
SJ02_550994220,2,550994220,1.45252024847863e-06,0.0892857142857143,-0.191558957229001,280,0.00931559336159287,0.0473526971846107
SS03_451590681,10,451590681,1.37357389116466e-10,0.0410714285714285,-0.389176440324102,280,1.10115984919943e-06,0.416819961574998
SS04_336690977,11,336690977,9.52656070493992e-12,0.00178571428571428,-2.53997656941425,280,1.01829407375103e-07,4.43244631980455
SS06_32856422,13,32856422,1.72754399745626e-15,0.00178571428571428,-2.8369226710292,280,2.7698576683215e-11,10.466940367693
SV06_429405425,20,429405425,2.82481968925052e-37,0.00178571428571428,-9.51040338547091,280,9.05834929751963e-33,84.3228106730751
