SNP,Chr,Pos,P.value,MAF,effect,nobs,H&B.P.Value,Phenotype_Variance_Explained(%)
SJ05_389593959,5,389593959,6.35972956722532e-07,0.144951140065147,-4.92863650438981,307,0.00679791493440715,2.11894684871318
SS04_283559355,11,283559355,3.40793991865999e-11,0.00814332247557004,-22.1288689652999,307,1.0928240937167e-06,74.0177173344935
SV06_142550878,20,142550878,1.27947170590548e-08,0.472312703583062,9.0500075852363,307,0.000205144095966356,4.65398133904595
