SNP,Chr,Pos,P.value,MAF,effect,nobs,H&B.P.Value,Phenotype_Variance_Explained(%)
SJ05_303741566,5,303741566,3.46203452296706e-08,0.194174757281553,-5.3232901895082,309,0.000555085305239924,6.15737045805692
SS05_120261602,12,120261602,5.09899485058935e-10,0.00647249190938515,-32.2148737769642,309,1.63509467873849e-05,75.3334736704577
