SNP,Chr,Pos,P.value,MAF,effect,nobs,H&B.P.Value,Phenotype_Variance_Explained(%)
SJ02_537945840,2,537945840,6.949642257606e-08,0.121428571428571,-2.97186564676564,280,0.000742847260915505,15.3433214792002
SS01_333518696,8,333518696,1.3922983234927e-06,0.4375,-1.85491820722912,280,0.00744113838990675,1.94408842871806
SS01_338632504,8,338632504,1.34634150244992e-06,0.116071428571429,-2.63281096401082,280,0.00744113838990675,4.78375456135207
SS03_383088528,10,383088528,1.39097909432118e-08,0.358928571428571,-2.29642185776527,280,0.000446045266175971,1.51280521441729
SS03_447957443,10,447957443,5.02587964605812e-08,0.125,-3.14517240799908,280,0.000742847260915505,27.6799121793931
SV03_259924662,17,259924662,1.02531291249809e-07,0.333928571428571,2.33806430266173,280,0.000821967729126907,6.57715578163879
