SNP,Chromosome,Position,P.value,MAF,nobs,effect,Phenotype_Variance_Explained(%)
SJ02_537945840,2,537945840,6.949642257606e-08,0.121428571428571,280,-2.97186564676564,0
SS01_333518696,8,333518696,1.3922983234927e-06,0.4375,280,-1.85491820722912,0
SS01_338632504,8,338632504,1.34634150244992e-06,0.116071428571429,280,-2.63281096401082,1.41625562681055
SS03_383088528,10,383088528,1.39097909432118e-08,0.358928571428571,280,-2.29642185776527,0
SV03_259924662,17,259924662,1.02531291249809e-07,0.333928571428571,280,2.33806430266173,3.18354436718061
