SNP,Chr,Pos,P.value,MAF,effect,nobs,H&B.P.Value,Phenotype_Variance_Explained(%)
SJ03_611922552,3,611922552,8.70304839868848e-08,0.0249221183800623,5.46218279865889,321,0.000930268843335812,66.865088338848
SJ05_103986355,5,103986355,7.22722268933422e-08,0.0124610591900312,5.14495421049926,321,0.000930268843335812,15.6908561339429
SV01_501741056,15,501741056,4.22310139133817e-08,0.0155763239875389,7.7079790312564,321,0.000930268843335812,8.66291167916772
