SNP,Chromosome,Position,P.value,MAF,nobs,effect,Phenotype_Variance_Explained(%)
SJ05_389593959,5,389593959,6.35972956722532e-07,0.144951140065147,307,-4.92863650438981,0
SV06_142550878,20,142550878,1.27947170590548e-08,0.472312703583062,307,9.0500075852363,0
